Order_ID,Date,Month,Product_ID,Product_Name,Category,Region,City,Sales_Representative,Doctor_ID,Quantity,Unit_Price,Discount,Revenue,Profit,Profit_Margin
O00001,2025-04-13,2025-04,P011,AntiBio-X,Anti-Infective,West,Surat,Rahul Kumar,D021,27,85.69,0.08,2128.54,383.14,0.18
O00002,2025-06-01,2025-06,P005,RespiraPlus,Respiratory,West,Pune,Priya Nair,D030,27,151.07,0.0,4078.89,448.68,0.11
O00003,2025-11-10,2025-11,P012,PainFree XR,Pain Management,East,Kolkata,Aarav Sharma,D059,17,72.54,0.0,1233.18,246.64,0.2
O00004,2025-02-20,2025-02,P004,GlucoCare 1000,Diabetes,South,Kochi,Aarav Sharma,D003,27,134.47,0.05,3449.16,482.88,0.14
O00005,2025-10-01,2025-10,P012,PainFree XR,Pain Management,Central,Indore,Riya Singh,D009,33,73.04,0.05,2289.8,457.96,0.2
O00006,2025-03-22,2025-03,P008,ImmunoShield,Immunology,South,Kochi,Riya Singh,D006,15,264.69,0.02,3890.94,311.28,0.08
O00007,2025-08-06,2025-08,P010,BoneStrong D3,Orthopedics,South,Chennai,Neha Gupta,D014,17,114.06,0.02,1900.24,285.04,0.15
O00008,2025-08-01,2025-08,P002,CardioMax 20,Cardiology,South,Hyderabad,Rahul Kumar,D024,51,240.82,0.0,12281.82,1228.18,0.1
O00009,2025-02-10,2025-02,P001,CardioMax 10,Cardiology,South,Bengaluru,Vikram Patel,D009,20,182.98,0.05,3476.62,417.19,0.12
O00010,2025-06-12,2025-06,P011,AntiBio-X,Anti-Infective,West,Mumbai,Riya Singh,D041,41,84.66,0.08,3193.38,574.81,0.18
O00011,2025-02-02,2025-02,P007,GastroEase,Gastroenterology,North,Jaipur,Priya Nair,D037,41,116.35,0.02,4674.94,607.74,0.13
O00012,2025-05-11,2025-05,P010,BoneStrong D3,Orthopedics,West,Ahmedabad,Vikram Patel,D014,58,109.36,0.02,6216.02,932.4,0.15
O00013,2025-02-11,2025-02,P003,GlucoCare 500,Diabetes,South,Hyderabad,Priya Nair,D052,66,95.3,0.05,5975.31,956.05,0.16
O00014,2025-01-29,2025-01,P007,GastroEase,Gastroenterology,South,Hyderabad,Karan Verma,D028,39,121.28,0.05,4493.42,584.14,0.13
O00015,2025-05-14,2025-05,P012,PainFree XR,Pain Management,East,Ranchi,Neha Gupta,D030,19,77.44,0.0,1471.36,294.27,0.2
O00016,2025-10-10,2025-10,P004,GlucoCare 1000,Diabetes,South,Bengaluru,Aarav Sharma,D003,42,134.11,0.02,5519.97,772.8,0.14
O00017,2025-06-14,2025-06,P010,BoneStrong D3,Orthopedics,West,Surat,Priya Nair,D079,23,106.17,0.0,2441.91,366.29,0.15
O00018,2025-02-21,2025-02,P007,GastroEase,Gastroenterology,South,Chennai,Karan Verma,D056,21,120.03,0.05,2394.6,311.3,0.13
O00019,2025-02-23,2025-02,P001,CardioMax 10,Cardiology,North,Delhi,Karan Verma,D002,5,173.96,0.02,852.4,102.29,0.12
O00020,2025-07-03,2025-07,P006,NeuroRelief,Neurology,South,Kochi,Rahul Kumar,D070,58,215.01,0.05,11847.05,1066.23,0.09
O00021,2025-07-20,2025-07,P006,NeuroRelief,Neurology,South,Kochi,Rahul Kumar,D003,64,205.41,0.02,12883.32,1159.5,0.09
O00022,2025-12-18,2025-12,P009,Dermaclear,Dermatology,North,Delhi,Priya Nair,D039,42,143.16,0.0,6012.72,721.53,0.12
O00023,2025-05-31,2025-05,P010,BoneStrong D3,Orthopedics,East,Patna,Vikram Patel,D016,26,106.42,0.0,2766.92,415.04,0.15
O00024,2025-05-20,2025-05,P011,AntiBio-X,Anti-Infective,East,Patna,Aarav Sharma,D019,43,87.63,0.08,3466.64,624.0,0.18
O00025,2025-04-30,2025-04,P004,GlucoCare 1000,Diabetes,Central,Nagpur,Aarav Sharma,D072,31,139.75,0.0,4332.25,606.51,0.14
O00026,2025-06-02,2025-06,P002,CardioMax 20,Cardiology,North,Jaipur,Ananya Das,D035,46,244.07,0.0,11227.22,1122.72,0.1
O00027,2025-10-16,2025-10,P004,GlucoCare 1000,Diabetes,East,Ranchi,Priya Nair,D008,29,133.57,0.0,3873.53,542.29,0.14
O00028,2025-01-22,2025-01,P006,NeuroRelief,Neurology,South,Chennai,Rahul Kumar,D051,46,214.95,0.05,9393.31,845.4,0.09
O00029,2025-10-13,2025-10,P001,CardioMax 10,Cardiology,West,Mumbai,Neha Gupta,D061,100,187.12,0.0,18712.0,2245.44,0.12
O00030,2025-06-07,2025-06,P005,RespiraPlus,Respiratory,Central,Indore,Karan Verma,D037,22,160.79,0.0,3537.38,389.11,0.11
O00031,2025-04-09,2025-04,P004,GlucoCare 1000,Diabetes,Central,Nagpur,Rahul Kumar,D032,17,139.71,0.02,2327.57,325.86,0.14
O00032,2025-02-27,2025-02,P008,ImmunoShield,Immunology,Central,Indore,Priya Nair,D047,34,275.4,0.0,9363.6,749.09,0.08
O00033,2025-09-30,2025-09,P009,Dermaclear,Dermatology,West,Ahmedabad,Ananya Das,D048,9,146.29,0.0,1316.61,157.99,0.12
O00034,2025-11-12,2025-11,P009,Dermaclear,Dermatology,East,Ranchi,Rahul Kumar,D020,29,148.43,0.05,4089.25,490.71,0.12
O00035,2025-05-23,2025-05,P002,CardioMax 20,Cardiology,South,Kochi,Vikram Patel,D063,28,241.74,0.0,6768.72,676.87,0.1
O00036,2025-12-08,2025-12,P010,BoneStrong D3,Orthopedics,South,Chennai,Vikram Patel,D054,22,112.89,0.0,2483.58,372.54,0.15
O00037,2025-03-01,2025-03,P005,RespiraPlus,Respiratory,North,Chandigarh,Neha Gupta,D006,28,157.8,0.05,4197.48,461.72,0.11
O00038,2025-09-26,2025-09,P010,BoneStrong D3,Orthopedics,Central,Indore,Karan Verma,D017,15,112.15,0.0,1682.25,252.34,0.15
O00039,2025-12-12,2025-12,P005,RespiraPlus,Respiratory,North,Jaipur,Vikram Patel,D009,22,151.77,0.0,3338.94,367.28,0.11
O00040,2025-04-28,2025-04,P008,ImmunoShield,Immunology,West,Mumbai,Rahul Kumar,D001,33,276.2,0.05,8658.87,692.71,0.08
O00041,2025-10-05,2025-10,P003,GlucoCare 500,Diabetes,West,Surat,Riya Singh,D016,21,98.64,0.0,2071.44,331.43,0.16
O00042,2025-07-23,2025-07,P010,BoneStrong D3,Orthopedics,North,Lucknow,Rahul Kumar,D039,24,111.32,0.02,2618.25,392.74,0.15
O00043,2025-09-07,2025-09,P005,RespiraPlus,Respiratory,East,Ranchi,Riya Singh,D052,46,156.97,0.08,6642.97,730.73,0.11
O00044,2025-01-04,2025-01,P007,GastroEase,Gastroenterology,East,Bhubaneswar,Aarav Sharma,D032,9,118.93,0.02,1048.96,136.36,0.13
O00045,2025-02-02,2025-02,P003,GlucoCare 500,Diabetes,East,Patna,Rahul Kumar,D012,29,91.73,0.0,2660.17,425.63,0.16
O00046,2025-04-05,2025-04,P003,GlucoCare 500,Diabetes,South,Chennai,Karan Verma,D008,27,93.79,0.05,2405.71,384.91,0.16
O00047,2025-04-25,2025-04,P004,GlucoCare 1000,Diabetes,South,Chennai,Rahul Kumar,D075,35,131.52,0.0,4603.2,644.45,0.14
O00048,2025-07-11,2025-07,P003,GlucoCare 500,Diabetes,East,Ranchi,Neha Gupta,D024,31,93.01,0.02,2825.64,452.1,0.16
O00049,2025-07-02,2025-07,P009,Dermaclear,Dermatology,West,Ahmedabad,Aarav Sharma,D030,30,149.59,0.0,4487.7,538.52,0.12
O00050,2025-06-26,2025-06,P009,Dermaclear,Dermatology,North,Chandigarh,Neha Gupta,D009,43,150.23,0.1,5813.9,697.67,0.12
O00051,2025-12-05,2025-12,P005,RespiraPlus,Respiratory,East,Kolkata,Karan Verma,D012,41,158.59,0.05,6177.08,679.48,0.11
O00052,2025-04-19,2025-04,P010,BoneStrong D3,Orthopedics,Central,Nagpur,Ananya Das,D005,11,111.81,0.02,1205.31,180.8,0.15
O00053,2025-08-27,2025-08,P010,BoneStrong D3,Orthopedics,North,Jaipur,Neha Gupta,D017,21,106.32,0.05,2121.08,318.16,0.15
O00054,2025-06-14,2025-06,P008,ImmunoShield,Immunology,South,Kochi,Rahul Kumar,D065,32,283.97,0.0,9087.04,726.96,0.08
O00055,2025-10-28,2025-10,P006,NeuroRelief,Neurology,West,Surat,Vikram Patel,D019,36,203.47,0.08,6738.93,606.5,0.09
O00056,2025-06-22,2025-06,P012,PainFree XR,Pain Management,North,Jaipur,Riya Singh,D020,55,75.9,0.0,4174.5,834.9,0.2
O00057,2025-01-01,2025-01,P012,PainFree XR,Pain Management,West,Pune,Aarav Sharma,D063,19,76.81,0.0,1459.39,291.88,0.2
O00058,2025-06-22,2025-06,P005,RespiraPlus,Respiratory,Central,Raipur,Ananya Das,D075,22,157.42,0.0,3463.24,380.96,0.11
O00059,2025-02-16,2025-02,P001,CardioMax 10,Cardiology,West,Mumbai,Ananya Das,D003,29,175.51,0.0,5089.79,610.77,0.12
O00060,2025-03-31,2025-03,P012,PainFree XR,Pain Management,South,Chennai,Neha Gupta,D041,47,72.19,0.02,3325.07,665.01,0.2
O00061,2025-07-20,2025-07,P004,GlucoCare 1000,Diabetes,South,Bengaluru,Neha Gupta,D029,27,130.49,0.08,3241.37,453.79,0.14
O00062,2025-10-13,2025-10,P005,RespiraPlus,Respiratory,West,Ahmedabad,Priya Nair,D033,42,161.02,0.02,6627.58,729.03,0.11
O00063,2025-09-24,2025-09,P009,Dermaclear,Dermatology,East,Bhubaneswar,Karan Verma,D027,16,139.36,0.0,2229.76,267.57,0.12
O00064,2025-11-07,2025-11,P001,CardioMax 10,Cardiology,West,Mumbai,Vikram Patel,D005,32,183.87,0.02,5766.16,691.94,0.12
O00065,2025-06-14,2025-06,P003,GlucoCare 500,Diabetes,West,Mumbai,Rahul Kumar,D078,21,97.87,0.0,2055.27,328.84,0.16
O00066,2025-10-15,2025-10,P008,ImmunoShield,Immunology,North,Chandigarh,Riya Singh,D034,17,270.77,0.05,4372.94,349.84,0.08
O00067,2025-02-23,2025-02,P011,AntiBio-X,Anti-Infective,Central,Bhopal,Aarav Sharma,D047,43,87.74,0.05,3584.18,645.15,0.18
O00068,2025-07-11,2025-07,P006,NeuroRelief,Neurology,North,Jaipur,Riya Singh,D030,22,213.8,0.0,4703.6,423.32,0.09
O00069,2025-09-06,2025-09,P008,ImmunoShield,Immunology,East,Patna,Neha Gupta,D030,37,284.38,0.0,10522.06,841.76,0.08
O00070,2025-11-26,2025-11,P004,GlucoCare 1000,Diabetes,West,Surat,Rahul Kumar,D034,36,131.86,0.0,4746.96,664.57,0.14
O00071,2025-02-12,2025-02,P003,GlucoCare 500,Diabetes,South,Hyderabad,Aarav Sharma,D023,35,98.02,0.0,3430.7,548.91,0.16
O00072,2025-07-14,2025-07,P002,CardioMax 20,Cardiology,East,Kolkata,Riya Singh,D051,13,235.75,0.0,3064.75,306.47,0.1
O00073,2025-11-13,2025-11,P006,NeuroRelief,Neurology,North,Delhi,Rahul Kumar,D012,20,202.26,0.05,3842.94,345.86,0.09
O00074,2025-09-06,2025-09,P006,NeuroRelief,Neurology,East,Patna,Priya Nair,D063,11,216.19,0.0,2378.09,214.03,0.09
O00075,2025-01-08,2025-01,P004,GlucoCare 1000,Diabetes,West,Ahmedabad,Vikram Patel,D056,86,137.67,0.02,11602.83,1624.4,0.14
O00076,2025-01-14,2025-01,P003,GlucoCare 500,Diabetes,North,Chandigarh,Karan Verma,D023,23,92.01,0.02,2073.91,331.83,0.16
O00077,2025-10-21,2025-10,P009,Dermaclear,Dermatology,East,Patna,Rahul Kumar,D028,16,146.09,0.08,2150.44,258.05,0.12
O00078,2025-03-09,2025-03,P009,Dermaclear,Dermatology,South,Bengaluru,Riya Singh,D034,15,145.75,0.02,2142.52,257.1,0.12
O00079,2025-02-11,2025-02,P006,NeuroRelief,Neurology,South,Kochi,Riya Singh,D064,46,203.31,0.0,9352.26,841.7,0.09
O00080,2025-07-17,2025-07,P004,GlucoCare 1000,Diabetes,South,Chennai,Karan Verma,D062,18,135.26,0.0,2434.68,340.86,0.14
O00081,2025-02-09,2025-02,P008,ImmunoShield,Immunology,West,Ahmedabad,Ananya Das,D066,22,264.12,0.08,5345.79,427.66,0.08
O00082,2025-04-28,2025-04,P008,ImmunoShield,Immunology,South,Chennai,Karan Verma,D062,31,280.93,0.0,8708.83,696.71,0.08
O00083,2025-11-22,2025-11,P004,GlucoCare 1000,Diabetes,Central,Nagpur,Neha Gupta,D020,32,136.19,0.0,4358.08,610.13,0.14
O00084,2025-11-16,2025-11,P011,AntiBio-X,Anti-Infective,North,Chandigarh,Neha Gupta,D077,19,82.03,0.0,1558.57,280.54,0.18
O00085,2025-06-21,2025-06,P008,ImmunoShield,Immunology,North,Jaipur,Neha Gupta,D065,28,266.57,0.0,7463.96,597.12,0.08
O00086,2025-02-07,2025-02,P001,CardioMax 10,Cardiology,South,Bengaluru,Ananya Das,D060,32,183.47,0.0,5871.04,704.52,0.12
O00087,2025-03-01,2025-03,P008,ImmunoShield,Immunology,West,Ahmedabad,Aarav Sharma,D014,32,268.1,0.05,8150.24,652.02,0.08
O00088,2025-12-05,2025-12,P010,BoneStrong D3,Orthopedics,West,Pune,Neha Gupta,D042,54,109.67,0.0,5922.18,888.33,0.15
O00089,2025-12-19,2025-12,P001,CardioMax 10,Cardiology,West,Mumbai,Aarav Sharma,D066,24,181.79,0.08,4013.92,481.67,0.12
O00090,2025-07-17,2025-07,P007,GastroEase,Gastroenterology,Central,Nagpur,Priya Nair,D042,26,123.78,0.02,3153.91,410.01,0.13
O00091,2025-06-06,2025-06,P001,CardioMax 10,Cardiology,North,Delhi,Rahul Kumar,D027,22,181.01,0.0,3982.22,477.87,0.12
O00092,2025-01-10,2025-01,P010,BoneStrong D3,Orthopedics,East,Kolkata,Ananya Das,D038,5,110.02,0.05,522.6,78.39,0.15
O00093,2025-05-16,2025-05,P004,GlucoCare 1000,Diabetes,North,Lucknow,Rahul Kumar,D002,38,135.71,0.02,5053.84,707.54,0.14
O00094,2025-10-09,2025-10,P005,RespiraPlus,Respiratory,South,Kochi,Karan Verma,D074,14,156.43,0.0,2190.02,240.9,0.11
O00095,2025-08-06,2025-08,P002,CardioMax 20,Cardiology,East,Kolkata,Aarav Sharma,D060,16,248.04,0.0,3968.64,396.86,0.1
O00096,2025-05-13,2025-05,P008,ImmunoShield,Immunology,Central,Nagpur,Riya Singh,D031,10,284.36,0.08,2616.11,209.29,0.08
O00097,2025-09-14,2025-09,P005,RespiraPlus,Respiratory,North,Jaipur,Ananya Das,D036,64,159.59,0.08,9396.66,1033.63,0.11
O00098,2025-02-24,2025-02,P005,RespiraPlus,Respiratory,South,Hyderabad,Aarav Sharma,D053,49,153.74,0.0,7533.26,828.66,0.11
O00099,2025-01-25,2025-01,P006,NeuroRelief,Neurology,West,Pune,Vikram Patel,D034,22,202.15,0.02,4358.35,392.25,0.09
O00100,2025-09-08,2025-09,P008,ImmunoShield,Immunology,North,Delhi,Vikram Patel,D052,41,277.91,0.02,11166.42,893.31,0.08
O00101,2025-06-05,2025-06,P001,CardioMax 10,Cardiology,North,Chandigarh,Aarav Sharma,D049,25,180.51,0.08,4151.73,498.21,0.12
O00102,2025-12-26,2025-12,P001,CardioMax 10,Cardiology,East,Ranchi,Rahul Kumar,D051,26,173.33,0.0,4506.58,540.79,0.12
O00103,2025-10-13,2025-10,P003,GlucoCare 500,Diabetes,West,Pune,Aarav Sharma,D078,28,95.26,0.02,2613.93,418.23,0.16
O00104,2025-04-23,2025-04,P006,NeuroRelief,Neurology,South,Hyderabad,Vikram Patel,D004,34,206.15,0.0,7009.1,630.82,0.09
O00105,2025-06-11,2025-06,P007,GastroEase,Gastroenterology,South,Hyderabad,Neha Gupta,D032,25,115.46,0.05,2742.18,356.48,0.13
O00106,2025-09-04,2025-09,P007,GastroEase,Gastroenterology,South,Hyderabad,Vikram Patel,D072,31,117.49,0.05,3460.08,449.81,0.13
O00107,2025-10-18,2025-10,P008,ImmunoShield,Immunology,South,Chennai,Karan Verma,D016,27,268.51,0.05,6887.28,550.98,0.08
O00108,2025-08-11,2025-08,P002,CardioMax 20,Cardiology,South,Hyderabad,Riya Singh,D007,41,242.74,0.08,9156.15,915.61,0.1
O00109,2025-03-23,2025-03,P005,RespiraPlus,Respiratory,Central,Raipur,Karan Verma,D002,28,159.1,0.0,4454.8,490.03,0.11
O00110,2025-10-20,2025-10,P009,Dermaclear,Dermatology,South,Chennai,Rahul Kumar,D044,24,144.66,0.1,3124.66,374.96,0.12
O00111,2025-08-12,2025-08,P003,GlucoCare 500,Diabetes,South,Bengaluru,Ananya Das,D009,33,93.16,0.05,2920.57,467.29,0.16
O00112,2025-09-03,2025-09,P004,GlucoCare 1000,Diabetes,West,Pune,Riya Singh,D029,22,130.87,0.08,2648.81,370.83,0.14
O00113,2025-12-22,2025-12,P002,CardioMax 20,Cardiology,East,Kolkata,Rahul Kumar,D025,15,232.45,0.05,3312.41,331.24,0.1
O00114,2025-12-08,2025-12,P009,Dermaclear,Dermatology,North,Chandigarh,Ananya Das,D040,39,148.92,0.02,5691.72,683.01,0.12
O00115,2025-07-09,2025-07,P002,CardioMax 20,Cardiology,East,Ranchi,Ananya Das,D065,10,235.11,0.05,2233.54,223.35,0.1
O00116,2025-05-29,2025-05,P011,AntiBio-X,Anti-Infective,West,Surat,Neha Gupta,D059,40,87.97,0.05,3342.86,601.71,0.18
O00117,2025-03-10,2025-03,P010,BoneStrong D3,Orthopedics,East,Ranchi,Vikram Patel,D020,7,113.05,0.05,751.78,112.77,0.15
O00118,2025-12-31,2025-12,P009,Dermaclear,Dermatology,North,Jaipur,Riya Singh,D073,30,144.24,0.05,4110.84,493.3,0.12
O00119,2025-02-08,2025-02,P002,CardioMax 20,Cardiology,North,Delhi,Neha Gupta,D044,23,232.38,0.0,5344.74,534.47,0.1
O00120,2025-04-11,2025-04,P011,AntiBio-X,Anti-Infective,North,Delhi,Rahul Kumar,D017,26,87.54,0.02,2230.52,401.49,0.18
O00121,2025-09-21,2025-09,P001,CardioMax 10,Cardiology,West,Ahmedabad,Rahul Kumar,D080,41,179.85,0.0,7373.85,884.86,0.12
O00122,2025-05-23,2025-05,P009,Dermaclear,Dermatology,West,Mumbai,Riya Singh,D047,32,144.69,0.02,4537.48,544.5,0.12
O00123,2025-09-27,2025-09,P007,GastroEase,Gastroenterology,North,Delhi,Karan Verma,D048,20,122.84,0.0,2456.8,319.38,0.13
O00124,2025-08-11,2025-08,P007,GastroEase,Gastroenterology,West,Ahmedabad,Riya Singh,D059,13,121.88,0.0,1584.44,205.98,0.13
O00125,2025-07-02,2025-07,P007,GastroEase,Gastroenterology,South,Hyderabad,Priya Nair,D004,37,121.21,0.0,4484.77,583.02,0.13
O00126,2025-01-16,2025-01,P012,PainFree XR,Pain Management,South,Chennai,Riya Singh,D055,33,74.3,0.0,2451.9,490.38,0.2
O00127,2025-04-06,2025-04,P007,GastroEase,Gastroenterology,West,Pune,Neha Gupta,D029,30,119.81,0.0,3594.3,467.26,0.13
O00128,2025-07-04,2025-07,P012,PainFree XR,Pain Management,East,Patna,Aarav Sharma,D010,20,72.02,0.05,1368.38,273.68,0.2
O00129,2025-05-22,2025-05,P002,CardioMax 20,Cardiology,South,Kochi,Riya Singh,D062,20,247.88,0.0,4957.6,495.76,0.1
O00130,2025-03-14,2025-03,P009,Dermaclear,Dermatology,North,Lucknow,Neha Gupta,D012,36,146.17,0.08,4841.15,580.94,0.12
O00131,2025-03-03,2025-03,P009,Dermaclear,Dermatology,East,Patna,Neha Gupta,D004,9,146.74,0.08,1215.01,145.8,0.12
O00132,2025-08-31,2025-08,P010,BoneStrong D3,Orthopedics,East,Patna,Riya Singh,D057,16,106.11,0.0,1697.76,254.66,0.15
O00133,2025-02-16,2025-02,P009,Dermaclear,Dermatology,North,Chandigarh,Neha Gupta,D061,20,144.9,0.02,2840.04,340.8,0.12
O00134,2025-05-25,2025-05,P003,GlucoCare 500,Diabetes,North,Jaipur,Rahul Kumar,D073,6,91.54,0.02,538.26,86.12,0.16
O00135,2025-08-14,2025-08,P009,Dermaclear,Dermatology,West,Ahmedabad,Priya Nair,D025,18,143.94,0.0,2590.92,310.91,0.12
O00136,2025-02-07,2025-02,P005,RespiraPlus,Respiratory,South,Kochi,Riya Singh,D018,22,154.76,0.02,3336.63,367.03,0.11
O00137,2025-12-15,2025-12,P003,GlucoCare 500,Diabetes,Central,Raipur,Priya Nair,D040,25,97.88,0.0,2447.0,391.52,0.16
O00138,2025-05-27,2025-05,P012,PainFree XR,Pain Management,West,Mumbai,Karan Verma,D059,23,72.64,0.08,1537.06,307.41,0.2
O00139,2025-06-04,2025-06,P007,GastroEase,Gastroenterology,West,Mumbai,Karan Verma,D045,17,123.13,0.0,2093.21,272.12,0.13
O00140,2025-06-09,2025-06,P007,GastroEase,Gastroenterology,South,Hyderabad,Riya Singh,D002,29,121.12,0.0,3512.48,456.62,0.13
O00141,2025-04-23,2025-04,P008,ImmunoShield,Immunology,East,Patna,Riya Singh,D060,43,266.83,0.05,10900.01,872.0,0.08
O00142,2025-03-15,2025-03,P002,CardioMax 20,Cardiology,South,Hyderabad,Neha Gupta,D060,38,245.2,0.0,9317.6,931.76,0.1
O00143,2025-11-20,2025-11,P001,CardioMax 10,Cardiology,South,Kochi,Ananya Das,D017,19,181.74,0.0,3453.06,414.37,0.12
O00144,2025-07-29,2025-07,P012,PainFree XR,Pain Management,Central,Raipur,Karan Verma,D052,46,73.64,0.0,3387.44,677.49,0.2
O00145,2025-10-12,2025-10,P003,GlucoCare 500,Diabetes,Central,Bhopal,Aarav Sharma,D039,21,93.47,0.05,1864.73,298.36,0.16
O00146,2025-10-15,2025-10,P004,GlucoCare 1000,Diabetes,North,Jaipur,Karan Verma,D027,8,137.66,0.05,1046.22,146.47,0.14
O00147,2025-06-12,2025-06,P009,Dermaclear,Dermatology,North,Lucknow,Neha Gupta,D018,20,150.43,0.02,2948.43,353.81,0.12
O00148,2025-05-25,2025-05,P008,ImmunoShield,Immunology,North,Chandigarh,Karan Verma,D046,22,284.06,0.0,6249.32,499.95,0.08
O00149,2025-02-15,2025-02,P007,GastroEase,Gastroenterology,East,Kolkata,Ananya Das,D009,23,115.82,0.02,2610.58,339.38,0.13
O00150,2025-04-27,2025-04,P008,ImmunoShield,Immunology,East,Patna,Priya Nair,D077,22,285.44,0.0,6279.68,502.37,0.08
O00151,2025-06-15,2025-06,P009,Dermaclear,Dermatology,South,Bengaluru,Neha Gupta,D041,14,140.42,0.02,1926.56,231.19,0.12
O00152,2025-03-17,2025-03,P006,NeuroRelief,Neurology,Central,Indore,Neha Gupta,D020,39,210.58,0.0,8212.62,739.14,0.09
O00153,2025-08-21,2025-08,P001,CardioMax 10,Cardiology,South,Bengaluru,Neha Gupta,D026,20,180.97,0.0,3619.4,434.33,0.12
O00154,2025-06-23,2025-06,P002,CardioMax 20,Cardiology,West,Pune,Vikram Patel,D044,35,248.38,0.0,8693.3,869.33,0.1
O00155,2025-12-25,2025-12,P009,Dermaclear,Dermatology,East,Bhubaneswar,Neha Gupta,D008,15,148.29,0.05,2113.13,253.58,0.12
O00156,2025-04-21,2025-04,P007,GastroEase,Gastroenterology,West,Ahmedabad,Neha Gupta,D080,57,120.25,0.05,6511.54,846.5,0.13
O00157,2025-12-28,2025-12,P002,CardioMax 20,Cardiology,South,Chennai,Neha Gupta,D012,32,234.61,0.08,6906.92,690.69,0.1
O00158,2025-02-24,2025-02,P008,ImmunoShield,Immunology,East,Kolkata,Vikram Patel,D053,23,269.03,0.05,5878.31,470.26,0.08
O00159,2025-12-18,2025-12,P011,AntiBio-X,Anti-Infective,East,Patna,Neha Gupta,D074,61,84.45,0.0,5151.45,927.26,0.18
O00160,2025-07-26,2025-07,P012,PainFree XR,Pain Management,South,Bengaluru,Ananya Das,D031,50,76.61,0.05,3638.98,727.8,0.2
O00161,2025-06-01,2025-06,P003,GlucoCare 500,Diabetes,East,Ranchi,Aarav Sharma,D036,20,95.81,0.0,1916.2,306.59,0.16
O00162,2025-12-01,2025-12,P006,NeuroRelief,Neurology,Central,Nagpur,Riya Singh,D058,44,213.63,0.0,9399.72,845.97,0.09
O00163,2025-08-28,2025-08,P010,BoneStrong D3,Orthopedics,East,Ranchi,Ananya Das,D078,45,106.21,0.0,4779.45,716.92,0.15
O00164,2025-02-10,2025-02,P012,PainFree XR,Pain Management,South,Bengaluru,Vikram Patel,D014,6,74.35,0.0,446.1,89.22,0.2
O00165,2025-01-28,2025-01,P005,RespiraPlus,Respiratory,South,Bengaluru,Vikram Patel,D065,33,160.83,0.0,5307.39,583.81,0.11
O00166,2025-10-30,2025-10,P010,BoneStrong D3,Orthopedics,South,Hyderabad,Ananya Das,D014,21,109.56,0.0,2300.76,345.11,0.15
O00167,2025-09-21,2025-09,P001,CardioMax 10,Cardiology,East,Kolkata,Priya Nair,D028,6,182.36,0.05,1039.45,124.73,0.12
O00168,2025-06-14,2025-06,P008,ImmunoShield,Immunology,West,Surat,Priya Nair,D028,33,285.71,0.0,9428.43,754.27,0.08
O00169,2025-10-20,2025-10,P001,CardioMax 10,Cardiology,Central,Nagpur,Karan Verma,D070,38,174.29,0.0,6623.02,794.76,0.12
O00170,2025-06-28,2025-06,P010,BoneStrong D3,Orthopedics,North,Lucknow,Rahul Kumar,D043,28,108.62,0.02,2980.53,447.08,0.15
O00171,2025-10-21,2025-10,P004,GlucoCare 1000,Diabetes,North,Lucknow,Riya Singh,D008,33,136.86,0.0,4516.38,632.29,0.14
O00172,2025-12-18,2025-12,P006,NeuroRelief,Neurology,South,Hyderabad,Riya Singh,D065,29,211.19,0.08,5634.55,507.11,0.09
O00173,2025-03-17,2025-03,P009,Dermaclear,Dermatology,North,Jaipur,Neha Gupta,D033,68,148.79,0.08,9308.3,1117.0,0.12
O00174,2025-10-31,2025-10,P010,BoneStrong D3,Orthopedics,West,Pune,Neha Gupta,D066,29,110.59,0.05,3046.75,457.01,0.15
O00175,2025-11-20,2025-11,P006,NeuroRelief,Neurology,West,Pune,Neha Gupta,D019,36,215.0,0.05,7353.0,661.77,0.09
O00176,2025-12-05,2025-12,P001,CardioMax 10,Cardiology,West,Surat,Ananya Das,D054,13,180.91,0.05,2234.24,268.11,0.12
O00177,2025-11-12,2025-11,P001,CardioMax 10,Cardiology,East,Kolkata,Priya Nair,D035,41,181.49,0.0,7441.09,892.93,0.12
O00178,2025-04-20,2025-04,P002,CardioMax 20,Cardiology,West,Pune,Aarav Sharma,D003,41,246.02,0.08,9279.87,927.99,0.1
O00179,2025-06-02,2025-06,P002,CardioMax 20,Cardiology,South,Kochi,Rahul Kumar,D079,30,245.09,0.05,6985.06,698.51,0.1
O00180,2025-11-22,2025-11,P012,PainFree XR,Pain Management,West,Ahmedabad,Karan Verma,D021,44,72.36,0.08,2929.13,585.83,0.2
O00181,2025-10-04,2025-10,P003,GlucoCare 500,Diabetes,East,Bhubaneswar,Ananya Das,D068,27,93.54,0.0,2525.58,404.09,0.16
O00182,2025-08-27,2025-08,P008,ImmunoShield,Immunology,East,Ranchi,Riya Singh,D036,15,275.49,0.05,3925.73,314.06,0.08
O00183,2025-09-20,2025-09,P010,BoneStrong D3,Orthopedics,West,Ahmedabad,Rahul Kumar,D031,63,110.59,0.0,6967.17,1045.08,0.15
O00184,2025-10-25,2025-10,P004,GlucoCare 1000,Diabetes,Central,Raipur,Ananya Das,D007,17,129.63,0.0,2203.71,308.52,0.14
O00185,2025-04-28,2025-04,P012,PainFree XR,Pain Management,East,Kolkata,Riya Singh,D009,40,74.16,0.0,2966.4,593.28,0.2
O00186,2025-06-19,2025-06,P001,CardioMax 10,Cardiology,Central,Indore,Karan Verma,D037,37,184.46,0.05,6483.77,778.05,0.12
O00187,2025-06-13,2025-06,P007,GastroEase,Gastroenterology,North,Jaipur,Rahul Kumar,D047,16,119.74,0.08,1762.57,229.13,0.13
O00188,2025-05-29,2025-05,P005,RespiraPlus,Respiratory,North,Chandigarh,Karan Verma,D071,10,154.96,0.02,1518.61,167.05,0.11
O00189,2025-09-15,2025-09,P007,GastroEase,Gastroenterology,South,Bengaluru,Riya Singh,D067,33,122.16,0.0,4031.28,524.07,0.13
O00190,2025-10-07,2025-10,P003,GlucoCare 500,Diabetes,North,Lucknow,Riya Singh,D042,30,95.73,0.05,2728.3,436.53,0.16
O00191,2025-03-14,2025-03,P011,AntiBio-X,Anti-Infective,South,Chennai,Aarav Sharma,D068,33,86.15,0.05,2700.8,486.14,0.18
O00192,2025-01-27,2025-01,P008,ImmunoShield,Immunology,West,Pune,Priya Nair,D050,16,265.15,0.0,4242.4,339.39,0.08
O00193,2025-06-21,2025-06,P001,CardioMax 10,Cardiology,West,Ahmedabad,Riya Singh,D030,44,174.08,0.02,7506.33,900.76,0.12
O00194,2025-11-29,2025-11,P009,Dermaclear,Dermatology,West,Ahmedabad,Priya Nair,D062,55,150.58,0.0,8281.9,993.83,0.12
O00195,2025-01-03,2025-01,P007,GastroEase,Gastroenterology,Central,Raipur,Karan Verma,D005,19,117.54,0.05,2121.6,275.81,0.13
O00196,2025-10-13,2025-10,P006,NeuroRelief,Neurology,East,Bhubaneswar,Riya Singh,D072,17,213.51,0.05,3448.19,310.34,0.09
O00197,2025-05-22,2025-05,P007,GastroEase,Gastroenterology,North,Jaipur,Rahul Kumar,D066,33,117.49,0.0,3877.17,504.03,0.13
O00198,2025-11-27,2025-11,P007,GastroEase,Gastroenterology,West,Pune,Neha Gupta,D055,38,118.95,0.02,4429.7,575.86,0.13
O00199,2025-01-12,2025-01,P010,BoneStrong D3,Orthopedics,Central,Indore,Riya Singh,D045,16,113.24,0.08,1666.89,250.03,0.15
O00200,2025-05-14,2025-05,P007,GastroEase,Gastroenterology,North,Lucknow,Ananya Das,D073,21,124.15,0.02,2555.01,332.15,0.13
O00201,2025-10-08,2025-10,P001,CardioMax 10,Cardiology,East,Ranchi,Vikram Patel,D014,17,184.74,0.08,2889.33,346.72,0.12
O00202,2025-01-25,2025-01,P002,CardioMax 20,Cardiology,West,Surat,Rahul Kumar,D068,39,240.12,0.0,9364.68,936.47,0.1
O00203,2025-05-26,2025-05,P006,NeuroRelief,Neurology,South,Kochi,Rahul Kumar,D043,30,204.15,0.05,5818.28,523.65,0.09
O00204,2025-01-05,2025-01,P010,BoneStrong D3,Orthopedics,West,Mumbai,Riya Singh,D011,42,107.1,0.0,4498.2,674.73,0.15
O00205,2025-05-29,2025-05,P003,GlucoCare 500,Diabetes,North,Chandigarh,Priya Nair,D016,52,98.77,0.02,5033.32,805.33,0.16
O00206,2025-09-30,2025-09,P012,PainFree XR,Pain Management,South,Kochi,Rahul Kumar,D052,46,74.43,0.05,3252.59,650.52,0.2
O00207,2025-09-13,2025-09,P007,GastroEase,Gastroenterology,North,Chandigarh,Neha Gupta,D014,34,124.45,0.0,4231.3,550.07,0.13
O00208,2025-07-02,2025-07,P011,AntiBio-X,Anti-Infective,South,Bengaluru,Ananya Das,D079,65,83.8,0.05,5174.65,931.44,0.18
O00209,2025-08-30,2025-08,P005,RespiraPlus,Respiratory,West,Pune,Rahul Kumar,D045,45,152.1,0.0,6844.5,752.9,0.11
O00210,2025-07-10,2025-07,P007,GastroEase,Gastroenterology,East,Kolkata,Riya Singh,D068,19,121.1,0.05,2185.86,284.16,0.13
O00211,2025-02-11,2025-02,P001,CardioMax 10,Cardiology,West,Mumbai,Priya Nair,D017,40,184.45,0.08,6787.76,814.53,0.12
O00212,2025-02-17,2025-02,P010,BoneStrong D3,Orthopedics,South,Chennai,Riya Singh,D060,39,109.56,0.0,4272.84,640.93,0.15
O00213,2025-03-20,2025-03,P007,GastroEase,Gastroenterology,Central,Raipur,Rahul Kumar,D069,29,121.73,0.02,3459.57,449.74,0.13
O00214,2025-11-29,2025-11,P007,GastroEase,Gastroenterology,North,Chandigarh,Aarav Sharma,D051,12,121.55,0.05,1385.67,180.14,0.13
O00215,2025-01-28,2025-01,P010,BoneStrong D3,Orthopedics,South,Bengaluru,Rahul Kumar,D008,16,106.32,0.0,1701.12,255.17,0.15
O00216,2025-08-08,2025-08,P008,ImmunoShield,Immunology,Central,Raipur,Priya Nair,D025,20,283.71,0.02,5560.72,444.86,0.08
O00217,2025-09-23,2025-09,P012,PainFree XR,Pain Management,West,Ahmedabad,Priya Nair,D002,28,76.49,0.02,2098.89,419.78,0.2
O00218,2025-10-15,2025-10,P002,CardioMax 20,Cardiology,East,Patna,Riya Singh,D015,26,240.96,0.0,6264.96,626.5,0.1
O00219,2025-04-24,2025-04,P004,GlucoCare 1000,Diabetes,Central,Bhopal,Neha Gupta,D032,13,140.32,0.0,1824.16,255.38,0.14
O00220,2025-05-02,2025-05,P007,GastroEase,Gastroenterology,West,Ahmedabad,Aarav Sharma,D012,28,123.28,0.02,3382.8,439.76,0.13
O00221,2025-12-26,2025-12,P007,GastroEase,Gastroenterology,East,Ranchi,Priya Nair,D075,27,117.79,0.05,3021.31,392.77,0.13
O00222,2025-12-14,2025-12,P002,CardioMax 20,Cardiology,North,Jaipur,Rahul Kumar,D079,13,244.96,0.0,3184.48,318.45,0.1
O00223,2025-12-19,2025-12,P006,NeuroRelief,Neurology,East,Patna,Vikram Patel,D029,23,216.34,0.02,4876.3,438.87,0.09
O00224,2025-08-17,2025-08,P010,BoneStrong D3,Orthopedics,North,Jaipur,Priya Nair,D072,41,109.13,0.0,4474.33,671.15,0.15
O00225,2025-12-28,2025-12,P009,Dermaclear,Dermatology,West,Pune,Rahul Kumar,D046,18,143.32,0.0,2579.76,309.57,0.12
O00226,2025-01-13,2025-01,P004,GlucoCare 1000,Diabetes,East,Bhubaneswar,Riya Singh,D058,9,139.07,0.0,1251.63,175.23,0.14
O00227,2025-04-11,2025-04,P004,GlucoCare 1000,Diabetes,North,Lucknow,Riya Singh,D024,14,136.76,0.0,1914.64,268.05,0.14
O00228,2025-11-06,2025-11,P005,RespiraPlus,Respiratory,West,Pune,Ananya Das,D046,53,154.76,0.02,8038.23,884.21,0.11
O00229,2025-01-14,2025-01,P005,RespiraPlus,Respiratory,West,Surat,Riya Singh,D055,22,154.83,0.0,3406.26,374.69,0.11
O00230,2025-06-07,2025-06,P012,PainFree XR,Pain Management,West,Surat,Karan Verma,D049,17,77.89,0.05,1257.92,251.58,0.2
O00231,2025-04-27,2025-04,P003,GlucoCare 500,Diabetes,West,Surat,Rahul Kumar,D055,37,94.02,0.0,3478.74,556.6,0.16
O00232,2025-04-23,2025-04,P011,AntiBio-X,Anti-Infective,East,Patna,Karan Verma,D057,26,86.94,0.05,2147.42,386.54,0.18
O00233,2025-07-17,2025-07,P012,PainFree XR,Pain Management,Central,Nagpur,Vikram Patel,D009,30,75.39,0.0,2261.7,452.34,0.2
O00234,2025-05-18,2025-05,P011,AntiBio-X,Anti-Infective,South,Bengaluru,Ananya Das,D070,8,84.52,0.0,676.16,121.71,0.18
O00235,2025-03-10,2025-03,P005,RespiraPlus,Respiratory,West,Surat,Aarav Sharma,D021,33,150.46,0.02,4865.88,535.25,0.11
O00236,2025-09-17,2025-09,P007,GastroEase,Gastroenterology,North,Jaipur,Karan Verma,D001,23,115.33,0.02,2599.54,337.94,0.13
O00237,2025-12-30,2025-12,P006,NeuroRelief,Neurology,North,Lucknow,Vikram Patel,D035,15,217.98,0.05,3106.21,279.56,0.09
O00238,2025-07-01,2025-07,P009,Dermaclear,Dermatology,South,Bengaluru,Ananya Das,D044,32,145.72,0.05,4429.89,531.59,0.12
O00239,2025-01-21,2025-01,P001,CardioMax 10,Cardiology,East,Patna,Vikram Patel,D070,21,182.36,0.0,3829.56,459.55,0.12
O00240,2025-05-28,2025-05,P007,GastroEase,Gastroenterology,North,Delhi,Riya Singh,D026,10,117.66,0.1,1058.94,137.66,0.13
O00241,2025-05-11,2025-05,P005,RespiraPlus,Respiratory,West,Surat,Aarav Sharma,D019,23,160.8,0.08,3402.53,374.28,0.11
O00242,2025-06-10,2025-06,P004,GlucoCare 1000,Diabetes,North,Chandigarh,Riya Singh,D071,35,133.96,0.0,4688.6,656.4,0.14
O00243,2025-02-12,2025-02,P006,NeuroRelief,Neurology,North,Delhi,Aarav Sharma,D070,65,208.8,0.05,12893.4,1160.41,0.09
O00244,2025-01-05,2025-01,P009,Dermaclear,Dermatology,Central,Indore,Riya Singh,D016,50,145.15,0.0,7257.5,870.9,0.12
O00245,2025-02-28,2025-02,P003,GlucoCare 500,Diabetes,East,Patna,Aarav Sharma,D064,13,95.34,0.08,1140.27,182.44,0.16
O00246,2025-03-09,2025-03,P006,NeuroRelief,Neurology,West,Ahmedabad,Priya Nair,D079,26,202.06,0.05,4990.88,449.18,0.09
O00247,2025-09-05,2025-09,P008,ImmunoShield,Immunology,East,Ranchi,Aarav Sharma,D042,9,278.45,0.0,2506.05,200.48,0.08
O00248,2025-03-30,2025-03,P011,AntiBio-X,Anti-Infective,South,Hyderabad,Rahul Kumar,D051,22,86.75,0.0,1908.5,343.53,0.18
O00249,2025-03-26,2025-03,P009,Dermaclear,Dermatology,South,Hyderabad,Vikram Patel,D048,22,144.39,0.02,3113.05,373.57,0.12
O00250,2025-09-25,2025-09,P003,GlucoCare 500,Diabetes,North,Delhi,Karan Verma,D027,23,96.17,0.08,2034.96,325.59,0.16
O00251,2025-04-17,2025-04,P006,NeuroRelief,Neurology,South,Chennai,Ananya Das,D019,23,210.09,0.05,4590.47,413.14,0.09
O00252,2025-01-16,2025-01,P007,GastroEase,Gastroenterology,Central,Bhopal,Rahul Kumar,D030,12,116.76,0.0,1401.12,182.15,0.13
O00253,2025-10-10,2025-10,P003,GlucoCare 500,Diabetes,West,Mumbai,Neha Gupta,D025,38,94.08,0.0,3575.04,572.01,0.16
O00254,2025-08-15,2025-08,P009,Dermaclear,Dermatology,North,Lucknow,Ananya Das,D050,32,146.76,0.08,4320.61,518.47,0.12
O00255,2025-08-01,2025-08,P006,NeuroRelief,Neurology,South,Hyderabad,Neha Gupta,D030,23,215.48,0.05,4708.24,423.74,0.09
O00256,2025-07-09,2025-07,P003,GlucoCare 500,Diabetes,West,Surat,Riya Singh,D041,19,95.59,0.0,1816.21,290.59,0.16
O00257,2025-09-30,2025-09,P011,AntiBio-X,Anti-Infective,West,Pune,Vikram Patel,D035,41,82.32,0.05,3206.36,577.14,0.18
O00258,2025-09-05,2025-09,P007,GastroEase,Gastroenterology,North,Jaipur,Aarav Sharma,D020,37,121.86,0.05,4283.38,556.84,0.13
O00259,2025-10-30,2025-10,P005,RespiraPlus,Respiratory,South,Hyderabad,Aarav Sharma,D053,22,159.6,0.08,3230.3,355.33,0.11
O00260,2025-02-08,2025-02,P012,PainFree XR,Pain Management,West,Mumbai,Vikram Patel,D006,42,74.76,0.0,3139.92,627.98,0.2
O00261,2025-04-10,2025-04,P003,GlucoCare 500,Diabetes,South,Hyderabad,Ananya Das,D078,69,94.4,0.0,6513.6,1042.18,0.16
O00262,2025-09-27,2025-09,P007,GastroEase,Gastroenterology,Central,Indore,Priya Nair,D051,29,121.16,0.1,3162.28,411.1,0.13
O00263,2025-03-14,2025-03,P007,GastroEase,Gastroenterology,South,Bengaluru,Neha Gupta,D019,45,121.96,0.0,5488.2,713.47,0.13
O00264,2025-11-13,2025-11,P001,CardioMax 10,Cardiology,North,Jaipur,Aarav Sharma,D064,9,176.06,0.0,1584.54,190.14,0.12
O00265,2025-11-30,2025-11,P004,GlucoCare 1000,Diabetes,West,Ahmedabad,Neha Gupta,D008,40,133.28,0.0,5331.2,746.37,0.14
O00266,2025-04-30,2025-04,P007,GastroEase,Gastroenterology,North,Lucknow,Rahul Kumar,D062,28,120.95,0.05,3217.27,418.25,0.13
O00267,2025-07-20,2025-07,P004,GlucoCare 1000,Diabetes,Central,Nagpur,Aarav Sharma,D065,39,130.49,0.05,4834.65,676.85,0.14
O00268,2025-03-17,2025-03,P009,Dermaclear,Dermatology,East,Patna,Riya Singh,D052,60,147.35,0.02,8664.18,1039.7,0.12
O00269,2025-05-12,2025-05,P012,PainFree XR,Pain Management,West,Surat,Neha Gupta,D022,16,73.58,0.1,1059.55,211.91,0.2
O00270,2025-06-11,2025-06,P009,Dermaclear,Dermatology,East,Kolkata,Priya Nair,D038,22,139.73,0.02,3012.58,361.51,0.12
O00271,2025-05-16,2025-05,P010,BoneStrong D3,Orthopedics,South,Bengaluru,Aarav Sharma,D040,26,109.77,0.0,2854.02,428.1,0.15
O00272,2025-06-26,2025-06,P006,NeuroRelief,Neurology,East,Kolkata,Ananya Das,D062,27,208.97,0.02,5529.35,497.64,0.09
O00273,2025-07-11,2025-07,P011,AntiBio-X,Anti-Infective,East,Bhubaneswar,Ananya Das,D009,27,87.16,0.0,2353.32,423.6,0.18
O00274,2025-10-04,2025-10,P007,GastroEase,Gastroenterology,South,Hyderabad,Aarav Sharma,D039,28,118.99,0.0,3331.72,433.12,0.13
O00275,2025-04-18,2025-04,P008,ImmunoShield,Immunology,West,Surat,Rahul Kumar,D012,15,279.87,0.1,3778.25,302.26,0.08
O00276,2025-06-02,2025-06,P007,GastroEase,Gastroenterology,West,Pune,Rahul Kumar,D047,50,121.79,0.05,5785.02,752.05,0.13
O00277,2025-11-20,2025-11,P004,GlucoCare 1000,Diabetes,South,Chennai,Rahul Kumar,D019,50,133.07,0.0,6653.5,931.49,0.14
O00278,2025-02-10,2025-02,P009,Dermaclear,Dermatology,Central,Indore,Riya Singh,D051,59,146.58,0.0,8648.22,1037.79,0.12
O00279,2025-04-28,2025-04,P007,GastroEase,Gastroenterology,North,Lucknow,Karan Verma,D070,28,119.25,0.0,3339.0,434.07,0.13
O00280,2025-08-23,2025-08,P010,BoneStrong D3,Orthopedics,East,Kolkata,Rahul Kumar,D062,15,112.02,0.0,1680.3,252.04,0.15
O00281,2025-10-21,2025-10,P006,NeuroRelief,Neurology,West,Ahmedabad,Riya Singh,D036,15,209.1,0.05,2979.68,268.17,0.09
O00282,2025-12-20,2025-12,P003,GlucoCare 500,Diabetes,South,Kochi,Neha Gupta,D079,46,97.96,0.0,4506.16,720.99,0.16
O00283,2025-06-09,2025-06,P009,Dermaclear,Dermatology,South,Chennai,Neha Gupta,D033,56,139.72,0.05,7433.1,891.97,0.12
O00284,2025-11-17,2025-11,P004,GlucoCare 1000,Diabetes,South,Hyderabad,Rahul Kumar,D074,107,133.28,0.05,13547.91,1896.71,0.14
O00285,2025-05-06,2025-05,P001,CardioMax 10,Cardiology,East,Bhubaneswar,Priya Nair,D069,42,174.32,0.02,7175.01,861.0,0.12
O00286,2025-04-23,2025-04,P005,RespiraPlus,Respiratory,North,Jaipur,Priya Nair,D059,29,150.03,0.0,4350.87,478.6,0.11
O00287,2025-12-29,2025-12,P010,BoneStrong D3,Orthopedics,South,Hyderabad,Riya Singh,D006,25,106.62,0.08,2452.26,367.84,0.15
O00288,2025-06-19,2025-06,P003,GlucoCare 500,Diabetes,South,Hyderabad,Ananya Das,D068,18,91.44,0.0,1645.92,263.35,0.16
O00289,2025-08-12,2025-08,P004,GlucoCare 1000,Diabetes,South,Bengaluru,Rahul Kumar,D049,31,132.27,0.0,4100.37,574.05,0.14
O00290,2025-12-09,2025-12,P010,BoneStrong D3,Orthopedics,South,Chennai,Priya Nair,D051,29,112.91,0.0,3274.39,491.16,0.15
O00291,2025-11-20,2025-11,P012,PainFree XR,Pain Management,South,Hyderabad,Priya Nair,D013,13,74.41,0.02,947.98,189.6,0.2
O00292,2025-09-30,2025-09,P002,CardioMax 20,Cardiology,West,Surat,Ananya Das,D024,14,239.53,0.0,3353.42,335.34,0.1
O00293,2025-06-13,2025-06,P011,AntiBio-X,Anti-Infective,Central,Bhopal,Riya Singh,D011,28,81.86,0.02,2246.24,404.32,0.18
O00294,2025-09-03,2025-09,P012,PainFree XR,Pain Management,West,Mumbai,Aarav Sharma,D056,41,74.78,0.0,3065.98,613.2,0.2
O00295,2025-10-31,2025-10,P004,GlucoCare 1000,Diabetes,North,Lucknow,Ananya Das,D055,22,131.79,0.0,2899.38,405.91,0.14
O00296,2025-08-04,2025-08,P011,AntiBio-X,Anti-Infective,South,Hyderabad,Priya Nair,D051,27,85.62,0.05,2196.15,395.31,0.18
O00297,2025-12-31,2025-12,P009,Dermaclear,Dermatology,East,Ranchi,Neha Gupta,D045,37,149.56,0.05,5257.03,630.84,0.12
O00298,2025-05-27,2025-05,P003,GlucoCare 500,Diabetes,South,Hyderabad,Rahul Kumar,D013,45,97.83,0.0,4402.35,704.38,0.16
O00299,2025-10-25,2025-10,P005,RespiraPlus,Respiratory,West,Surat,Neha Gupta,D066,45,155.35,0.05,6641.21,730.53,0.11
O00300,2025-08-10,2025-08,P003,GlucoCare 500,Diabetes,North,Jaipur,Priya Nair,D026,20,97.54,0.05,1853.26,296.52,0.16
O00301,2025-01-01,2025-01,P008,ImmunoShield,Immunology,North,Lucknow,Rahul Kumar,D060,42,282.61,0.05,11276.14,902.09,0.08
O00302,2025-07-13,2025-07,P007,GastroEase,Gastroenterology,North,Delhi,Riya Singh,D046,44,120.47,0.0,5300.68,689.09,0.13
O00303,2025-07-07,2025-07,P002,CardioMax 20,Cardiology,East,Kolkata,Rahul Kumar,D016,12,246.57,0.0,2958.84,295.88,0.1
O00304,2025-05-24,2025-05,P002,CardioMax 20,Cardiology,East,Bhubaneswar,Riya Singh,D013,12,236.02,0.0,2832.24,283.22,0.1
O00305,2025-04-30,2025-04,P011,AntiBio-X,Anti-Infective,South,Chennai,Rahul Kumar,D053,40,83.09,0.02,3257.13,586.28,0.18
O00306,2025-09-26,2025-09,P005,RespiraPlus,Respiratory,East,Patna,Aarav Sharma,D025,2,149.69,0.05,284.41,31.29,0.11
O00307,2025-06-09,2025-06,P002,CardioMax 20,Cardiology,East,Ranchi,Ananya Das,D053,25,240.39,0.02,5889.56,588.96,0.1
O00308,2025-07-24,2025-07,P008,ImmunoShield,Immunology,Central,Indore,Neha Gupta,D031,15,280.47,0.0,4207.05,336.56,0.08
O00309,2025-03-20,2025-03,P001,CardioMax 10,Cardiology,North,Jaipur,Rahul Kumar,D026,22,185.7,0.02,4003.69,480.44,0.12
O00310,2025-03-29,2025-03,P009,Dermaclear,Dermatology,West,Pune,Rahul Kumar,D044,18,142.34,0.0,2562.12,307.45,0.12
O00311,2025-06-11,2025-06,P004,GlucoCare 1000,Diabetes,South,Chennai,Vikram Patel,D051,50,133.68,0.08,6149.28,860.9,0.14
O00312,2025-06-28,2025-06,P010,BoneStrong D3,Orthopedics,North,Chandigarh,Riya Singh,D029,57,107.07,0.0,6102.99,915.45,0.15
O00313,2025-08-23,2025-08,P001,CardioMax 10,Cardiology,West,Surat,Neha Gupta,D011,13,177.09,0.05,2187.06,262.45,0.12
O00314,2025-01-21,2025-01,P003,GlucoCare 500,Diabetes,East,Ranchi,Rahul Kumar,D042,23,94.82,0.08,2006.39,321.02,0.16
O00315,2025-05-26,2025-05,P003,GlucoCare 500,Diabetes,West,Surat,Aarav Sharma,D071,17,97.45,0.0,1656.65,265.06,0.16
O00316,2025-01-31,2025-01,P009,Dermaclear,Dermatology,West,Mumbai,Ananya Das,D075,46,139.62,0.05,6101.39,732.17,0.12
O00317,2025-08-04,2025-08,P004,GlucoCare 1000,Diabetes,Central,Indore,Karan Verma,D028,41,136.97,0.0,5615.77,786.21,0.14
O00318,2025-11-06,2025-11,P004,GlucoCare 1000,Diabetes,North,Delhi,Neha Gupta,D013,9,133.69,0.0,1203.21,168.45,0.14
O00319,2025-10-07,2025-10,P001,CardioMax 10,Cardiology,West,Surat,Ananya Das,D010,32,177.56,0.05,5397.82,647.74,0.12
O00320,2025-09-25,2025-09,P008,ImmunoShield,Immunology,East,Kolkata,Karan Verma,D025,23,281.03,0.0,6463.69,517.1,0.08
O00321,2025-06-24,2025-06,P012,PainFree XR,Pain Management,North,Jaipur,Neha Gupta,D027,36,74.3,0.0,2674.8,534.96,0.2
O00322,2025-08-21,2025-08,P006,NeuroRelief,Neurology,North,Chandigarh,Priya Nair,D025,29,201.62,0.0,5846.98,526.23,0.09
O00323,2025-02-12,2025-02,P007,GastroEase,Gastroenterology,West,Surat,Vikram Patel,D051,63,122.72,0.08,7112.85,924.67,0.13
O00324,2025-08-05,2025-08,P006,NeuroRelief,Neurology,South,Hyderabad,Neha Gupta,D067,34,202.6,0.02,6750.63,607.56,0.09
O00325,2025-08-06,2025-08,P008,ImmunoShield,Immunology,East,Kolkata,Vikram Patel,D005,25,278.18,0.05,6606.78,528.54,0.08
O00326,2025-10-15,2025-10,P009,Dermaclear,Dermatology,North,Delhi,Karan Verma,D071,32,140.9,0.02,4418.62,530.23,0.12
O00327,2025-06-30,2025-06,P004,GlucoCare 1000,Diabetes,East,Patna,Vikram Patel,D028,13,139.83,0.05,1726.9,241.77,0.14
O00328,2025-04-12,2025-04,P012,PainFree XR,Pain Management,South,Bengaluru,Vikram Patel,D031,24,75.79,0.0,1818.96,363.79,0.2
O00329,2025-09-05,2025-09,P002,CardioMax 20,Cardiology,North,Jaipur,Karan Verma,D015,29,248.88,0.08,6640.12,664.01,0.1
O00330,2025-10-21,2025-10,P002,CardioMax 20,Cardiology,Central,Indore,Riya Singh,D046,16,234.42,0.0,3750.72,375.07,0.1
O00331,2025-08-23,2025-08,P001,CardioMax 10,Cardiology,West,Surat,Karan Verma,D077,29,182.29,0.0,5286.41,634.37,0.12
O00332,2025-06-18,2025-06,P003,GlucoCare 500,Diabetes,North,Lucknow,Priya Nair,D056,10,91.76,0.02,899.25,143.88,0.16
O00333,2025-06-03,2025-06,P012,PainFree XR,Pain Management,North,Chandigarh,Rahul Kumar,D059,34,74.37,0.05,2402.15,480.43,0.2
O00334,2025-12-02,2025-12,P007,GastroEase,Gastroenterology,Central,Raipur,Rahul Kumar,D008,15,122.7,0.02,1803.69,234.48,0.13
O00335,2025-03-25,2025-03,P006,NeuroRelief,Neurology,East,Kolkata,Ananya Das,D044,39,207.6,0.0,8096.4,728.68,0.09
O00336,2025-06-05,2025-06,P011,AntiBio-X,Anti-Infective,South,Bengaluru,Priya Nair,D042,45,84.52,0.0,3803.4,684.61,0.18
O00337,2025-12-15,2025-12,P010,BoneStrong D3,Orthopedics,East,Ranchi,Aarav Sharma,D054,18,114.34,0.08,1893.47,284.02,0.15
O00338,2025-06-09,2025-06,P007,GastroEase,Gastroenterology,East,Kolkata,Karan Verma,D020,26,118.63,0.02,3022.69,392.95,0.13
O00339,2025-10-01,2025-10,P004,GlucoCare 1000,Diabetes,Central,Bhopal,Karan Verma,D068,24,139.08,0.08,3070.89,429.92,0.14
O00340,2025-04-26,2025-04,P011,AntiBio-X,Anti-Infective,North,Chandigarh,Aarav Sharma,D005,22,84.57,0.02,1823.33,328.2,0.18
O00341,2025-05-29,2025-05,P010,BoneStrong D3,Orthopedics,East,Patna,Karan Verma,D060,33,113.04,0.08,3431.89,514.78,0.15
O00342,2025-05-13,2025-05,P004,GlucoCare 1000,Diabetes,South,Hyderabad,Riya Singh,D015,12,136.01,0.0,1632.12,228.5,0.14
O00343,2025-02-15,2025-02,P009,Dermaclear,Dermatology,North,Chandigarh,Neha Gupta,D015,30,140.3,0.02,4124.82,494.98,0.12
O00344,2025-10-10,2025-10,P004,GlucoCare 1000,Diabetes,West,Pune,Rahul Kumar,D024,51,130.09,0.02,6501.9,910.27,0.14
O00345,2025-04-26,2025-04,P005,RespiraPlus,Respiratory,South,Hyderabad,Ananya Das,D053,22,153.97,0.0,3387.34,372.61,0.11
O00346,2025-02-23,2025-02,P009,Dermaclear,Dermatology,South,Chennai,Priya Nair,D007,47,142.8,0.0,6711.6,805.39,0.12
O00347,2025-08-27,2025-08,P007,GastroEase,Gastroenterology,South,Chennai,Riya Singh,D030,27,123.04,0.05,3155.98,410.28,0.13
O00348,2025-07-25,2025-07,P011,AntiBio-X,Anti-Infective,North,Chandigarh,Ananya Das,D039,39,84.19,0.0,3283.41,591.01,0.18
O00349,2025-10-14,2025-10,P011,AntiBio-X,Anti-Infective,West,Pune,Vikram Patel,D009,20,84.88,0.05,1612.72,290.29,0.18
O00350,2025-09-30,2025-09,P004,GlucoCare 1000,Diabetes,East,Patna,Aarav Sharma,D021,46,140.1,0.0,6444.6,902.24,0.14
O00351,2025-03-29,2025-03,P007,GastroEase,Gastroenterology,North,Chandigarh,Ananya Das,D001,32,123.36,0.0,3947.52,513.18,0.13
O00352,2025-11-09,2025-11,P011,AntiBio-X,Anti-Infective,South,Bengaluru,Rahul Kumar,D073,13,86.37,0.08,1032.99,185.94,0.18
O00353,2025-03-17,2025-03,P007,GastroEase,Gastroenterology,West,Surat,Aarav Sharma,D067,15,118.92,0.02,1748.12,227.26,0.13
O00354,2025-12-05,2025-12,P003,GlucoCare 500,Diabetes,West,Surat,Ananya Das,D058,51,95.01,0.02,4748.6,759.78,0.16
O00355,2025-06-17,2025-06,P001,CardioMax 10,Cardiology,North,Delhi,Karan Verma,D080,33,184.32,0.0,6082.56,729.91,0.12
O00356,2025-05-27,2025-05,P011,AntiBio-X,Anti-Infective,South,Hyderabad,Riya Singh,D020,48,85.01,0.05,3876.46,697.76,0.18
O00357,2025-11-24,2025-11,P008,ImmunoShield,Immunology,South,Hyderabad,Karan Verma,D016,59,269.45,0.05,15102.67,1208.21,0.08
O00358,2025-11-24,2025-11,P001,CardioMax 10,Cardiology,North,Lucknow,Ananya Das,D053,15,183.35,0.0,2750.25,330.03,0.12
O00359,2025-11-30,2025-11,P008,ImmunoShield,Immunology,East,Patna,Aarav Sharma,D062,10,278.91,0.0,2789.1,223.13,0.08
O00360,2025-02-16,2025-02,P001,CardioMax 10,Cardiology,South,Bengaluru,Neha Gupta,D054,21,181.46,0.05,3620.13,434.42,0.12
O00361,2025-01-29,2025-01,P010,BoneStrong D3,Orthopedics,South,Bengaluru,Aarav Sharma,D008,35,107.18,0.02,3676.27,551.44,0.15
O00362,2025-01-06,2025-01,P012,PainFree XR,Pain Management,East,Bhubaneswar,Aarav Sharma,D069,28,72.44,0.02,1987.75,397.55,0.2
O00363,2025-09-23,2025-09,P003,GlucoCare 500,Diabetes,East,Ranchi,Riya Singh,D024,11,95.79,0.1,948.32,151.73,0.16
O00364,2025-10-22,2025-10,P006,NeuroRelief,Neurology,North,Lucknow,Karan Verma,D041,30,206.09,0.05,5873.56,528.62,0.09
O00365,2025-10-17,2025-10,P006,NeuroRelief,Neurology,West,Ahmedabad,Karan Verma,D010,19,211.4,0.05,3815.77,343.42,0.09
O00366,2025-04-10,2025-04,P002,CardioMax 20,Cardiology,South,Bengaluru,Neha Gupta,D065,27,248.43,0.0,6707.61,670.76,0.1
O00367,2025-09-05,2025-09,P002,CardioMax 20,Cardiology,East,Bhubaneswar,Aarav Sharma,D028,13,248.38,0.0,3228.94,322.89,0.1
O00368,2025-05-17,2025-05,P001,CardioMax 10,Cardiology,East,Bhubaneswar,Neha Gupta,D073,19,174.27,0.1,2980.02,357.6,0.12
O00369,2025-10-10,2025-10,P003,GlucoCare 500,Diabetes,South,Kochi,Karan Verma,D025,36,94.5,0.0,3402.0,544.32,0.16
O00370,2025-03-14,2025-03,P003,GlucoCare 500,Diabetes,South,Kochi,Neha Gupta,D017,71,96.17,0.0,6828.07,1092.49,0.16
O00371,2025-09-02,2025-09,P004,GlucoCare 1000,Diabetes,Central,Nagpur,Priya Nair,D063,29,130.43,0.0,3782.47,529.55,0.14
O00372,2025-10-17,2025-10,P002,CardioMax 20,Cardiology,North,Chandigarh,Ananya Das,D058,57,247.39,0.0,14101.23,1410.12,0.1
O00373,2025-05-07,2025-05,P011,AntiBio-X,Anti-Infective,West,Ahmedabad,Rahul Kumar,D046,65,83.32,0.02,5307.48,955.35,0.18
O00374,2025-04-01,2025-04,P003,GlucoCare 500,Diabetes,East,Bhubaneswar,Riya Singh,D073,31,98.16,0.08,2799.52,447.92,0.16
O00375,2025-02-06,2025-02,P008,ImmunoShield,Immunology,West,Ahmedabad,Rahul Kumar,D002,22,279.52,0.0,6149.44,491.96,0.08
O00376,2025-06-17,2025-06,P012,PainFree XR,Pain Management,South,Hyderabad,Rahul Kumar,D079,22,75.02,0.0,1650.44,330.09,0.2
O00377,2025-03-02,2025-03,P008,ImmunoShield,Immunology,East,Ranchi,Neha Gupta,D079,7,264.25,0.05,1757.26,140.58,0.08
O00378,2025-05-01,2025-05,P006,NeuroRelief,Neurology,South,Bengaluru,Priya Nair,D029,43,203.46,0.05,8311.34,748.02,0.09
O00379,2025-03-10,2025-03,P012,PainFree XR,Pain Management,North,Lucknow,Karan Verma,D056,32,76.46,0.0,2446.72,489.34,0.2
O00380,2025-02-21,2025-02,P007,GastroEase,Gastroenterology,Central,Indore,Priya Nair,D055,21,124.23,0.02,2556.65,332.36,0.13
O00381,2025-04-07,2025-04,P009,Dermaclear,Dermatology,South,Chennai,Karan Verma,D035,34,148.42,0.02,4945.35,593.44,0.12
O00382,2025-03-28,2025-03,P007,GastroEase,Gastroenterology,West,Surat,Karan Verma,D030,77,116.92,0.05,8552.7,1111.85,0.13
O00383,2025-02-15,2025-02,P007,GastroEase,Gastroenterology,South,Bengaluru,Aarav Sharma,D066,15,118.05,0.05,1682.21,218.69,0.13
O00384,2025-09-03,2025-09,P001,CardioMax 10,Cardiology,North,Jaipur,Karan Verma,D032,23,176.0,0.0,4048.0,485.76,0.12
O00385,2025-07-20,2025-07,P011,AntiBio-X,Anti-Infective,North,Jaipur,Vikram Patel,D047,34,83.09,0.0,2825.06,508.51,0.18
O00386,2025-06-01,2025-06,P009,Dermaclear,Dermatology,East,Patna,Aarav Sharma,D062,28,141.56,0.05,3765.5,451.86,0.12
O00387,2025-12-20,2025-12,P006,NeuroRelief,Neurology,South,Bengaluru,Riya Singh,D048,43,209.93,0.05,8575.64,771.81,0.09
O00388,2025-11-13,2025-11,P008,ImmunoShield,Immunology,South,Chennai,Aarav Sharma,D071,34,284.93,0.05,9203.24,736.26,0.08
O00389,2025-07-12,2025-07,P001,CardioMax 10,Cardiology,North,Chandigarh,Aarav Sharma,D003,22,182.72,0.05,3818.85,458.26,0.12
O00390,2025-05-24,2025-05,P012,PainFree XR,Pain Management,North,Delhi,Priya Nair,D056,33,74.0,0.02,2393.16,478.63,0.2
O00391,2025-08-21,2025-08,P003,GlucoCare 500,Diabetes,East,Patna,Riya Singh,D041,28,91.78,0.02,2518.44,402.95,0.16
O00392,2025-01-30,2025-01,P002,CardioMax 20,Cardiology,West,Ahmedabad,Priya Nair,D048,13,240.88,0.05,2974.87,297.49,0.1
O00393,2025-02-18,2025-02,P002,CardioMax 20,Cardiology,North,Delhi,Rahul Kumar,D079,26,231.22,0.08,5530.78,553.08,0.1
O00394,2025-11-19,2025-11,P006,NeuroRelief,Neurology,South,Chennai,Priya Nair,D040,26,212.63,0.05,5251.96,472.68,0.09
O00395,2025-04-17,2025-04,P011,AntiBio-X,Anti-Infective,Central,Indore,Ananya Das,D049,16,82.25,0.05,1250.2,225.04,0.18
O00396,2025-07-26,2025-07,P004,GlucoCare 1000,Diabetes,North,Lucknow,Aarav Sharma,D058,39,131.12,0.02,5011.41,701.6,0.14
O00397,2025-07-30,2025-07,P011,AntiBio-X,Anti-Infective,West,Ahmedabad,Neha Gupta,D009,45,82.68,0.0,3720.6,669.71,0.18
O00398,2025-08-03,2025-08,P005,RespiraPlus,Respiratory,East,Ranchi,Riya Singh,D036,25,153.95,0.0,3848.75,423.36,0.11
O00399,2025-09-24,2025-09,P008,ImmunoShield,Immunology,South,Kochi,Karan Verma,D057,51,273.35,0.0,13940.85,1115.27,0.08
O00400,2025-07-23,2025-07,P011,AntiBio-X,Anti-Infective,West,Ahmedabad,Priya Nair,D002,28,84.53,0.1,2130.16,383.43,0.18
O00401,2025-03-03,2025-03,P003,GlucoCare 500,Diabetes,West,Pune,Karan Verma,D061,16,92.65,0.0,1482.4,237.18,0.16
O00402,2025-04-20,2025-04,P004,GlucoCare 1000,Diabetes,North,Chandigarh,Ananya Das,D074,45,131.63,0.05,5627.18,787.81,0.14
O00403,2025-12-06,2025-12,P004,GlucoCare 1000,Diabetes,West,Surat,Aarav Sharma,D028,40,132.45,0.02,5192.04,726.89,0.14
O00404,2025-04-06,2025-04,P005,RespiraPlus,Respiratory,South,Kochi,Priya Nair,D046,14,152.83,0.08,1968.45,216.53,0.11
O00405,2025-04-14,2025-04,P002,CardioMax 20,Cardiology,West,Pune,Priya Nair,D075,53,248.97,0.05,12535.64,1253.56,0.1
O00406,2025-01-27,2025-01,P011,AntiBio-X,Anti-Infective,Central,Bhopal,Vikram Patel,D061,12,86.93,0.0,1043.16,187.77,0.18
O00407,2025-10-31,2025-10,P006,NeuroRelief,Neurology,South,Chennai,Vikram Patel,D078,25,206.79,0.05,4911.26,442.01,0.09
O00408,2025-07-02,2025-07,P011,AntiBio-X,Anti-Infective,West,Pune,Karan Verma,D003,49,88.34,0.02,4242.09,763.58,0.18
O00409,2025-01-19,2025-01,P010,BoneStrong D3,Orthopedics,South,Bengaluru,Karan Verma,D025,34,113.77,0.02,3790.82,568.62,0.15
O00410,2025-04-20,2025-04,P012,PainFree XR,Pain Management,South,Bengaluru,Vikram Patel,D059,5,74.77,0.08,343.94,68.79,0.2
O00411,2025-06-15,2025-06,P011,AntiBio-X,Anti-Infective,East,Ranchi,Karan Verma,D061,10,84.14,0.05,799.33,143.88,0.18
O00412,2025-03-16,2025-03,P005,RespiraPlus,Respiratory,North,Chandigarh,Aarav Sharma,D059,45,156.69,0.0,7051.05,775.62,0.11
O00413,2025-09-17,2025-09,P008,ImmunoShield,Immunology,South,Kochi,Ananya Das,D047,55,265.33,0.08,13425.7,1074.06,0.08
O00414,2025-04-22,2025-04,P011,AntiBio-X,Anti-Infective,North,Chandigarh,Vikram Patel,D012,65,88.08,0.05,5438.94,979.01,0.18
O00415,2025-01-13,2025-01,P005,RespiraPlus,Respiratory,North,Delhi,Ananya Das,D066,21,156.15,0.02,3213.57,353.49,0.11
O00416,2025-10-26,2025-10,P008,ImmunoShield,Immunology,North,Delhi,Priya Nair,D030,30,277.13,0.05,7898.2,631.86,0.08
O00417,2025-02-14,2025-02,P008,ImmunoShield,Immunology,Central,Raipur,Karan Verma,D053,32,266.75,0.08,7853.12,628.25,0.08
O00418,2025-06-28,2025-06,P010,BoneStrong D3,Orthopedics,North,Delhi,Vikram Patel,D057,48,106.19,0.0,5097.12,764.57,0.15
O00419,2025-04-29,2025-04,P001,CardioMax 10,Cardiology,South,Kochi,Riya Singh,D029,27,173.82,0.0,4693.14,563.18,0.12
O00420,2025-12-30,2025-12,P011,AntiBio-X,Anti-Infective,North,Lucknow,Riya Singh,D010,26,82.73,0.1,1935.88,348.46,0.18
O00421,2025-03-13,2025-03,P008,ImmunoShield,Immunology,South,Hyderabad,Priya Nair,D011,19,269.12,0.0,5113.28,409.06,0.08
O00422,2025-03-01,2025-03,P012,PainFree XR,Pain Management,West,Mumbai,Neha Gupta,D013,25,72.93,0.08,1677.39,335.48,0.2
O00423,2025-10-05,2025-10,P007,GastroEase,Gastroenterology,East,Patna,Neha Gupta,D046,27,120.77,0.0,3260.79,423.9,0.13
O00424,2025-05-08,2025-05,P003,GlucoCare 500,Diabetes,North,Lucknow,Priya Nair,D060,17,97.45,0.0,1656.65,265.06,0.16
O00425,2025-04-16,2025-04,P002,CardioMax 20,Cardiology,South,Bengaluru,Ananya Das,D013,29,249.44,0.02,7089.08,708.91,0.1
O00426,2025-04-16,2025-04,P007,GastroEase,Gastroenterology,South,Hyderabad,Rahul Kumar,D032,25,122.32,0.02,2996.84,389.59,0.13
O00427,2025-11-28,2025-11,P003,GlucoCare 500,Diabetes,East,Ranchi,Vikram Patel,D048,35,94.65,0.0,3312.75,530.04,0.16
O00428,2025-12-11,2025-12,P008,ImmunoShield,Immunology,East,Kolkata,Rahul Kumar,D006,55,269.06,0.05,14058.38,1124.67,0.08
O00429,2025-02-08,2025-02,P011,AntiBio-X,Anti-Infective,Central,Indore,Vikram Patel,D038,47,87.41,0.0,4108.27,739.49,0.18
O00430,2025-05-11,2025-05,P002,CardioMax 20,Cardiology,North,Lucknow,Ananya Das,D038,28,245.72,0.0,6880.16,688.02,0.1
O00431,2025-09-13,2025-09,P001,CardioMax 10,Cardiology,North,Chandigarh,Vikram Patel,D069,34,175.98,0.05,5684.15,682.1,0.12
O00432,2025-09-11,2025-09,P004,GlucoCare 1000,Diabetes,East,Patna,Vikram Patel,D022,32,133.67,0.0,4277.44,598.84,0.14
O00433,2025-12-03,2025-12,P001,CardioMax 10,Cardiology,North,Delhi,Vikram Patel,D077,52,186.06,0.02,9481.62,1137.79,0.12
O00434,2025-04-19,2025-04,P008,ImmunoShield,Immunology,Central,Raipur,Karan Verma,D059,32,275.28,0.05,8368.51,669.48,0.08
O00435,2025-10-13,2025-10,P002,CardioMax 20,Cardiology,Central,Bhopal,Ananya Das,D013,36,231.27,0.05,7909.43,790.94,0.1
O00436,2025-12-03,2025-12,P004,GlucoCare 1000,Diabetes,East,Patna,Aarav Sharma,D052,30,135.55,0.0,4066.5,569.31,0.14
O00437,2025-11-04,2025-11,P001,CardioMax 10,Cardiology,Central,Raipur,Karan Verma,D075,107,173.51,0.0,18565.57,2227.87,0.12
O00438,2025-08-25,2025-08,P009,Dermaclear,Dermatology,North,Lucknow,Priya Nair,D027,22,147.91,0.0,3254.02,390.48,0.12
O00439,2025-06-20,2025-06,P001,CardioMax 10,Cardiology,West,Surat,Riya Singh,D040,15,173.75,0.0,2606.25,312.75,0.12
O00440,2025-07-11,2025-07,P008,ImmunoShield,Immunology,South,Bengaluru,Aarav Sharma,D011,16,278.02,0.0,4448.32,355.87,0.08
O00441,2025-09-30,2025-09,P008,ImmunoShield,Immunology,West,Pune,Neha Gupta,D066,14,275.14,0.02,3774.92,301.99,0.08
O00442,2025-08-02,2025-08,P011,AntiBio-X,Anti-Infective,South,Kochi,Riya Singh,D013,45,83.91,0.0,3775.95,679.67,0.18
O00443,2025-12-26,2025-12,P012,PainFree XR,Pain Management,South,Bengaluru,Riya Singh,D048,58,73.11,0.08,3901.15,780.23,0.2
O00444,2025-07-27,2025-07,P006,NeuroRelief,Neurology,East,Ranchi,Karan Verma,D009,34,209.14,0.0,7110.76,639.97,0.09
O00445,2025-10-17,2025-10,P008,ImmunoShield,Immunology,North,Jaipur,Ananya Das,D073,15,276.71,0.05,3943.12,315.45,0.08
O00446,2025-11-19,2025-11,P003,GlucoCare 500,Diabetes,South,Chennai,Karan Verma,D080,26,96.65,0.0,2512.9,402.06,0.16
O00447,2025-12-17,2025-12,P012,PainFree XR,Pain Management,South,Hyderabad,Neha Gupta,D048,58,73.14,0.0,4242.12,848.42,0.2
O00448,2025-06-07,2025-06,P005,RespiraPlus,Respiratory,Central,Bhopal,Neha Gupta,D049,18,157.26,0.0,2830.68,311.37,0.11
O00449,2025-09-07,2025-09,P009,Dermaclear,Dermatology,North,Delhi,Priya Nair,D005,34,141.73,0.0,4818.82,578.26,0.12
O00450,2025-04-01,2025-04,P012,PainFree XR,Pain Management,Central,Nagpur,Ananya Das,D023,14,72.5,0.08,933.8,186.76,0.2
O00451,2025-07-22,2025-07,P005,RespiraPlus,Respiratory,West,Pune,Rahul Kumar,D053,65,160.96,0.0,10462.4,1150.86,0.11
O00452,2025-12-15,2025-12,P011,AntiBio-X,Anti-Infective,South,Kochi,Riya Singh,D065,45,87.54,0.0,3939.3,709.07,0.18
O00453,2025-07-24,2025-07,P006,NeuroRelief,Neurology,East,Ranchi,Riya Singh,D073,47,205.63,0.05,9181.38,826.32,0.09
O00454,2025-06-11,2025-06,P004,GlucoCare 1000,Diabetes,North,Delhi,Neha Gupta,D001,11,135.84,0.0,1494.24,209.19,0.14
O00455,2025-07-01,2025-07,P001,CardioMax 10,Cardiology,Central,Indore,Ananya Das,D080,19,177.53,0.05,3204.42,384.53,0.12
O00456,2025-03-31,2025-03,P006,NeuroRelief,Neurology,North,Delhi,Priya Nair,D078,29,211.28,0.0,6127.12,551.44,0.09
O00457,2025-10-10,2025-10,P005,RespiraPlus,Respiratory,West,Surat,Karan Verma,D060,46,157.28,0.08,6656.09,732.17,0.11
O00458,2025-08-05,2025-08,P005,RespiraPlus,Respiratory,East,Bhubaneswar,Neha Gupta,D006,29,157.66,0.02,4480.7,492.88,0.11
O00459,2025-01-13,2025-01,P012,PainFree XR,Pain Management,South,Hyderabad,Vikram Patel,D019,16,76.16,0.0,1218.56,243.71,0.2
O00460,2025-04-10,2025-04,P010,BoneStrong D3,Orthopedics,West,Surat,Neha Gupta,D024,11,108.72,0.0,1195.92,179.39,0.15
O00461,2025-05-21,2025-05,P005,RespiraPlus,Respiratory,East,Ranchi,Vikram Patel,D068,45,160.05,0.0,7202.25,792.25,0.11
O00462,2025-12-12,2025-12,P002,CardioMax 20,Cardiology,North,Chandigarh,Karan Verma,D008,61,247.41,0.0,15092.01,1509.2,0.1
O00463,2025-12-30,2025-12,P010,BoneStrong D3,Orthopedics,Central,Bhopal,Aarav Sharma,D080,22,110.28,0.05,2304.85,345.73,0.15
O00464,2025-07-16,2025-07,P007,GastroEase,Gastroenterology,West,Surat,Riya Singh,D043,35,117.48,0.08,3782.86,491.77,0.13
O00465,2025-04-18,2025-04,P007,GastroEase,Gastroenterology,South,Chennai,Priya Nair,D018,42,117.83,0.02,4849.88,630.48,0.13
O00466,2025-07-21,2025-07,P008,ImmunoShield,Immunology,East,Patna,Vikram Patel,D067,30,269.15,0.0,8074.5,645.96,0.08
O00467,2025-08-02,2025-08,P003,GlucoCare 500,Diabetes,West,Pune,Aarav Sharma,D022,46,98.73,0.0,4541.58,726.65,0.16
O00468,2025-01-03,2025-01,P012,PainFree XR,Pain Management,Central,Nagpur,Ananya Das,D018,28,75.28,0.0,2107.84,421.57,0.2
O00469,2025-01-30,2025-01,P002,CardioMax 20,Cardiology,West,Mumbai,Priya Nair,D025,15,243.66,0.05,3472.16,347.22,0.1
O00470,2025-04-04,2025-04,P009,Dermaclear,Dermatology,North,Delhi,Ananya Das,D048,21,150.51,0.05,3002.67,360.32,0.12
O00471,2025-07-28,2025-07,P002,CardioMax 20,Cardiology,South,Kochi,Aarav Sharma,D042,21,238.46,0.0,5007.66,500.77,0.1
O00472,2025-08-31,2025-08,P005,RespiraPlus,Respiratory,South,Hyderabad,Riya Singh,D016,28,160.88,0.0,4504.64,495.51,0.11
O00473,2025-05-10,2025-05,P011,AntiBio-X,Anti-Infective,North,Chandigarh,Vikram Patel,D072,27,85.34,0.0,2304.18,414.75,0.18
O00474,2025-01-12,2025-01,P011,AntiBio-X,Anti-Infective,South,Bengaluru,Vikram Patel,D036,27,82.17,0.08,2041.1,367.4,0.18
O00475,2025-09-27,2025-09,P004,GlucoCare 1000,Diabetes,West,Surat,Rahul Kumar,D037,18,137.09,0.02,2418.27,338.56,0.14
O00476,2025-10-02,2025-10,P005,RespiraPlus,Respiratory,North,Lucknow,Rahul Kumar,D027,29,153.86,0.0,4461.94,490.81,0.11
O00477,2025-08-12,2025-08,P005,RespiraPlus,Respiratory,West,Pune,Neha Gupta,D030,46,151.2,0.05,6607.44,726.82,0.11
O00478,2025-11-14,2025-11,P004,GlucoCare 1000,Diabetes,Central,Indore,Neha Gupta,D052,14,139.05,0.05,1849.37,258.91,0.14
O00479,2025-12-01,2025-12,P009,Dermaclear,Dermatology,West,Surat,Neha Gupta,D050,25,147.76,0.0,3694.0,443.28,0.12
O00480,2025-06-14,2025-06,P004,GlucoCare 1000,Diabetes,North,Delhi,Neha Gupta,D034,26,131.43,0.0,3417.18,478.41,0.14
O00481,2025-06-08,2025-06,P009,Dermaclear,Dermatology,West,Mumbai,Rahul Kumar,D031,23,146.38,0.02,3299.41,395.93,0.12
O00482,2025-05-18,2025-05,P012,PainFree XR,Pain Management,South,Kochi,Aarav Sharma,D016,27,72.78,0.0,1965.06,393.01,0.2
O00483,2025-12-07,2025-12,P010,BoneStrong D3,Orthopedics,West,Ahmedabad,Riya Singh,D012,31,114.33,0.08,3260.69,489.1,0.15
O00484,2025-11-17,2025-11,P005,RespiraPlus,Respiratory,West,Pune,Vikram Patel,D002,35,149.96,0.0,5248.6,577.35,0.11
O00485,2025-11-27,2025-11,P012,PainFree XR,Pain Management,West,Ahmedabad,Riya Singh,D027,90,76.1,0.05,6506.55,1301.31,0.2
O00486,2025-11-12,2025-11,P004,GlucoCare 1000,Diabetes,North,Jaipur,Neha Gupta,D025,27,136.74,0.0,3691.98,516.88,0.14
O00487,2025-02-11,2025-02,P006,NeuroRelief,Neurology,South,Kochi,Rahul Kumar,D022,24,203.51,0.05,4640.03,417.6,0.09
O00488,2025-12-02,2025-12,P010,BoneStrong D3,Orthopedics,South,Bengaluru,Riya Singh,D012,23,107.88,0.0,2481.24,372.19,0.15
O00489,2025-10-03,2025-10,P002,CardioMax 20,Cardiology,East,Kolkata,Karan Verma,D036,6,243.15,0.0,1458.9,145.89,0.1
O00490,2025-03-19,2025-03,P012,PainFree XR,Pain Management,South,Bengaluru,Neha Gupta,D024,42,76.8,0.0,3225.6,645.12,0.2
O00491,2025-11-10,2025-11,P008,ImmunoShield,Immunology,South,Chennai,Neha Gupta,D045,7,279.35,0.02,1916.34,153.31,0.08
O00492,2025-12-22,2025-12,P001,CardioMax 10,Cardiology,East,Kolkata,Neha Gupta,D020,22,175.94,0.0,3870.68,464.48,0.12
O00493,2025-05-29,2025-05,P007,GastroEase,Gastroenterology,West,Ahmedabad,Ananya Das,D070,35,123.24,0.08,3968.33,515.88,0.13
O00494,2025-11-13,2025-11,P012,PainFree XR,Pain Management,South,Bengaluru,Aarav Sharma,D054,33,76.37,0.0,2520.21,504.04,0.2
O00495,2025-07-25,2025-07,P001,CardioMax 10,Cardiology,North,Delhi,Vikram Patel,D017,38,174.13,0.0,6616.94,794.03,0.12
O00496,2025-10-15,2025-10,P011,AntiBio-X,Anti-Infective,West,Surat,Karan Verma,D005,18,85.73,0.0,1543.14,277.77,0.18
O00497,2025-08-07,2025-08,P007,GastroEase,Gastroenterology,South,Bengaluru,Neha Gupta,D044,29,124.68,0.0,3615.72,470.04,0.13
O00498,2025-12-10,2025-12,P006,NeuroRelief,Neurology,South,Chennai,Priya Nair,D020,53,208.37,0.0,11043.61,993.92,0.09
O00499,2025-12-06,2025-12,P003,GlucoCare 500,Diabetes,West,Mumbai,Karan Verma,D060,36,96.47,0.02,3403.46,544.55,0.16
O00500,2025-04-19,2025-04,P007,GastroEase,Gastroenterology,South,Kochi,Karan Verma,D019,42,117.93,0.0,4953.06,643.9,0.13
O00501,2025-02-21,2025-02,P006,NeuroRelief,Neurology,East,Patna,Karan Verma,D072,46,203.42,0.1,8421.59,757.94,0.09
O00502,2025-01-26,2025-01,P012,PainFree XR,Pain Management,South,Bengaluru,Neha Gupta,D056,51,76.92,0.05,3726.77,745.35,0.2
O00503,2025-10-21,2025-10,P003,GlucoCare 500,Diabetes,East,Ranchi,Ananya Das,D046,64,92.37,0.05,5616.1,898.58,0.16
O00504,2025-12-21,2025-12,P011,AntiBio-X,Anti-Infective,West,Surat,Ananya Das,D047,59,86.37,0.0,5095.83,917.25,0.18
O00505,2025-05-20,2025-05,P005,RespiraPlus,Respiratory,South,Bengaluru,Ananya Das,D053,13,158.3,0.0,2057.9,226.37,0.11
O00506,2025-04-28,2025-04,P004,GlucoCare 1000,Diabetes,South,Chennai,Neha Gupta,D075,32,135.55,0.0,4337.6,607.26,0.14
O00507,2025-10-06,2025-10,P011,AntiBio-X,Anti-Infective,South,Hyderabad,Aarav Sharma,D026,37,82.12,0.02,2977.67,535.98,0.18
O00508,2025-09-27,2025-09,P012,PainFree XR,Pain Management,North,Delhi,Karan Verma,D080,25,75.68,0.0,1892.0,378.4,0.2
O00509,2025-06-30,2025-06,P004,GlucoCare 1000,Diabetes,South,Chennai,Ananya Das,D064,49,136.61,0.08,6158.38,862.17,0.14
O00510,2025-07-29,2025-07,P010,BoneStrong D3,Orthopedics,North,Jaipur,Aarav Sharma,D007,15,107.03,0.0,1605.45,240.82,0.15
O00511,2025-07-07,2025-07,P001,CardioMax 10,Cardiology,North,Lucknow,Karan Verma,D004,28,185.36,0.02,5086.28,610.35,0.12
O00512,2025-10-18,2025-10,P008,ImmunoShield,Immunology,North,Chandigarh,Neha Gupta,D050,67,267.79,0.0,17941.93,1435.35,0.08
O00513,2025-01-16,2025-01,P011,AntiBio-X,Anti-Infective,East,Patna,Vikram Patel,D004,27,83.77,0.02,2216.55,398.98,0.18
O00514,2025-02-08,2025-02,P006,NeuroRelief,Neurology,East,Patna,Riya Singh,D012,30,203.69,0.08,5621.84,505.97,0.09
O00515,2025-12-12,2025-12,P006,NeuroRelief,Neurology,Central,Indore,Neha Gupta,D072,29,208.7,0.02,5931.25,533.81,0.09
O00516,2025-09-11,2025-09,P009,Dermaclear,Dermatology,Central,Indore,Aarav Sharma,D074,15,143.62,0.05,2046.58,245.59,0.12
O00517,2025-10-01,2025-10,P011,AntiBio-X,Anti-Infective,East,Bhubaneswar,Neha Gupta,D038,18,81.93,0.0,1474.74,265.45,0.18
O00518,2025-01-11,2025-01,P002,CardioMax 20,Cardiology,West,Surat,Aarav Sharma,D022,5,247.03,0.0,1235.15,123.51,0.1
O00519,2025-06-16,2025-06,P012,PainFree XR,Pain Management,East,Patna,Vikram Patel,D049,9,72.36,0.0,651.24,130.25,0.2
O00520,2025-08-03,2025-08,P005,RespiraPlus,Respiratory,West,Surat,Karan Verma,D074,7,150.57,0.0,1053.99,115.94,0.11
O00521,2025-09-23,2025-09,P003,GlucoCare 500,Diabetes,North,Jaipur,Neha Gupta,D038,39,94.11,0.02,3596.88,575.5,0.16
O00522,2025-05-02,2025-05,P004,GlucoCare 1000,Diabetes,North,Chandigarh,Rahul Kumar,D067,29,135.63,0.08,3618.61,506.61,0.14
O00523,2025-11-29,2025-11,P007,GastroEase,Gastroenterology,North,Chandigarh,Vikram Patel,D041,18,119.53,0.02,2108.51,274.11,0.13
O00524,2025-09-23,2025-09,P008,ImmunoShield,Immunology,Central,Raipur,Aarav Sharma,D050,21,269.41,0.02,5544.46,443.56,0.08
O00525,2025-10-06,2025-10,P005,RespiraPlus,Respiratory,Central,Nagpur,Aarav Sharma,D018,21,152.35,0.0,3199.35,351.93,0.11
O00526,2025-11-11,2025-11,P009,Dermaclear,Dermatology,North,Lucknow,Karan Verma,D056,23,143.09,0.0,3291.07,394.93,0.12
O00527,2025-10-29,2025-10,P003,GlucoCare 500,Diabetes,Central,Indore,Priya Nair,D006,3,94.19,0.0,282.57,45.21,0.16
O00528,2025-09-26,2025-09,P004,GlucoCare 1000,Diabetes,North,Jaipur,Riya Singh,D066,16,134.32,0.05,2041.66,285.83,0.14
O00529,2025-04-21,2025-04,P011,AntiBio-X,Anti-Infective,South,Hyderabad,Karan Verma,D053,32,86.57,0.1,2493.22,448.78,0.18
O00530,2025-08-04,2025-08,P003,GlucoCare 500,Diabetes,South,Hyderabad,Vikram Patel,D023,21,95.17,0.0,1998.57,319.77,0.16
O00531,2025-06-29,2025-06,P001,CardioMax 10,Cardiology,West,Mumbai,Riya Singh,D040,46,180.28,0.0,8292.88,995.15,0.12
O00532,2025-11-06,2025-11,P012,PainFree XR,Pain Management,North,Lucknow,Karan Verma,D060,35,74.45,0.0,2605.75,521.15,0.2
O00533,2025-05-14,2025-05,P007,GastroEase,Gastroenterology,South,Hyderabad,Karan Verma,D023,62,118.56,0.08,6762.66,879.15,0.13
O00534,2025-08-13,2025-08,P007,GastroEase,Gastroenterology,West,Ahmedabad,Karan Verma,D045,22,121.91,0.0,2682.02,348.66,0.13
O00535,2025-12-13,2025-12,P009,Dermaclear,Dermatology,West,Ahmedabad,Rahul Kumar,D040,43,140.74,0.02,5930.78,711.69,0.12
O00536,2025-04-11,2025-04,P012,PainFree XR,Pain Management,Central,Bhopal,Neha Gupta,D041,16,73.46,0.08,1081.33,216.27,0.2
O00537,2025-03-16,2025-03,P008,ImmunoShield,Immunology,East,Patna,Vikram Patel,D024,13,271.96,0.05,3358.71,268.7,0.08
O00538,2025-12-10,2025-12,P001,CardioMax 10,Cardiology,East,Ranchi,Aarav Sharma,D045,12,181.83,0.0,2181.96,261.84,0.12
O00539,2025-07-30,2025-07,P006,NeuroRelief,Neurology,East,Patna,Aarav Sharma,D001,23,204.64,0.0,4706.72,423.6,0.09
O00540,2025-12-26,2025-12,P002,CardioMax 20,Cardiology,South,Bengaluru,Rahul Kumar,D045,11,232.09,0.0,2552.99,255.3,0.1
O00541,2025-01-10,2025-01,P004,GlucoCare 1000,Diabetes,East,Bhubaneswar,Neha Gupta,D073,54,138.93,0.0,7502.22,1050.31,0.14
O00542,2025-04-19,2025-04,P004,GlucoCare 1000,Diabetes,West,Mumbai,Priya Nair,D015,84,139.66,0.05,11144.87,1560.28,0.14
O00543,2025-04-19,2025-04,P009,Dermaclear,Dermatology,West,Surat,Karan Verma,D063,12,142.17,0.08,1569.56,188.35,0.12
O00544,2025-04-09,2025-04,P010,BoneStrong D3,Orthopedics,Central,Bhopal,Neha Gupta,D013,11,108.35,0.05,1132.26,169.84,0.15
O00545,2025-11-08,2025-11,P007,GastroEase,Gastroenterology,Central,Raipur,Priya Nair,D023,32,123.71,0.0,3958.72,514.63,0.13
O00546,2025-08-11,2025-08,P002,CardioMax 20,Cardiology,West,Surat,Neha Gupta,D055,37,234.37,0.02,8498.26,849.83,0.1
O00547,2025-03-11,2025-03,P003,GlucoCare 500,Diabetes,South,Chennai,Karan Verma,D064,18,91.25,0.0,1642.5,262.8,0.16
O00548,2025-11-14,2025-11,P008,ImmunoShield,Immunology,West,Mumbai,Neha Gupta,D015,38,285.04,0.0,10831.52,866.52,0.08
O00549,2025-01-07,2025-01,P001,CardioMax 10,Cardiology,North,Delhi,Priya Nair,D051,31,184.45,0.0,5717.95,686.15,0.12
O00550,2025-02-11,2025-02,P007,GastroEase,Gastroenterology,East,Patna,Riya Singh,D034,29,118.35,0.08,3157.58,410.49,0.13
O00551,2025-12-03,2025-12,P011,AntiBio-X,Anti-Infective,West,Pune,Vikram Patel,D028,27,82.53,0.08,2050.05,369.01,0.18
O00552,2025-03-31,2025-03,P006,NeuroRelief,Neurology,North,Lucknow,Vikram Patel,D059,41,214.07,0.05,8338.03,750.42,0.09
O00553,2025-11-08,2025-11,P003,GlucoCare 500,Diabetes,West,Ahmedabad,Karan Verma,D007,24,97.65,0.02,2296.73,367.48,0.16
O00554,2025-06-21,2025-06,P011,AntiBio-X,Anti-Infective,North,Chandigarh,Riya Singh,D033,37,84.73,0.05,2978.26,536.09,0.18
O00555,2025-02-17,2025-02,P004,GlucoCare 1000,Diabetes,West,Ahmedabad,Ananya Das,D014,19,133.52,0.05,2410.04,337.41,0.14
O00556,2025-09-30,2025-09,P004,GlucoCare 1000,Diabetes,South,Hyderabad,Riya Singh,D050,15,138.91,0.0,2083.65,291.71,0.14
O00557,2025-09-04,2025-09,P003,GlucoCare 500,Diabetes,South,Chennai,Vikram Patel,D077,14,94.19,0.05,1252.73,200.44,0.16
O00558,2025-09-13,2025-09,P001,CardioMax 10,Cardiology,North,Delhi,Aarav Sharma,D034,11,179.15,0.02,1931.24,231.75,0.12
O00559,2025-07-11,2025-07,P006,NeuroRelief,Neurology,East,Bhubaneswar,Priya Nair,D054,10,216.2,0.02,2118.76,190.69,0.09
O00560,2025-04-04,2025-04,P005,RespiraPlus,Respiratory,South,Bengaluru,Rahul Kumar,D022,38,154.48,0.0,5870.24,645.73,0.11
O00561,2025-05-10,2025-05,P007,GastroEase,Gastroenterology,Central,Indore,Ananya Das,D006,17,117.69,0.05,1900.69,247.09,0.13
O00562,2025-01-16,2025-01,P005,RespiraPlus,Respiratory,South,Kochi,Aarav Sharma,D069,41,158.14,0.05,6159.55,677.55,0.11
O00563,2025-09-08,2025-09,P002,CardioMax 20,Cardiology,North,Chandigarh,Aarav Sharma,D001,93,237.1,0.02,21609.29,2160.93,0.1
O00564,2025-06-20,2025-06,P001,CardioMax 10,Cardiology,West,Surat,Riya Singh,D055,55,182.53,0.0,10039.15,1204.7,0.12
O00565,2025-03-20,2025-03,P006,NeuroRelief,Neurology,West,Ahmedabad,Ananya Das,D058,24,206.99,0.05,4719.37,424.74,0.09
O00566,2025-09-20,2025-09,P006,NeuroRelief,Neurology,West,Pune,Aarav Sharma,D068,35,208.38,0.0,7293.3,656.4,0.09
O00567,2025-07-03,2025-07,P004,GlucoCare 1000,Diabetes,West,Surat,Karan Verma,D038,22,131.08,0.1,2595.38,363.35,0.14
O00568,2025-03-24,2025-03,P009,Dermaclear,Dermatology,South,Hyderabad,Neha Gupta,D062,46,143.03,0.02,6447.79,773.73,0.12
O00569,2025-04-08,2025-04,P002,CardioMax 20,Cardiology,West,Ahmedabad,Riya Singh,D017,26,246.61,0.05,6091.27,609.13,0.1
O00570,2025-10-05,2025-10,P007,GastroEase,Gastroenterology,West,Ahmedabad,Aarav Sharma,D044,67,119.84,0.0,8029.28,1043.81,0.13
O00571,2025-01-26,2025-01,P001,CardioMax 10,Cardiology,East,Ranchi,Riya Singh,D064,21,185.59,0.05,3702.52,444.3,0.12
O00572,2025-06-30,2025-06,P002,CardioMax 20,Cardiology,South,Chennai,Rahul Kumar,D068,24,234.13,0.05,5338.16,533.82,0.1
O00573,2025-03-22,2025-03,P006,NeuroRelief,Neurology,East,Bhubaneswar,Priya Nair,D001,48,203.07,0.02,9552.41,859.72,0.09
O00574,2025-02-14,2025-02,P007,GastroEase,Gastroenterology,North,Jaipur,Rahul Kumar,D007,42,121.98,0.0,5123.16,666.01,0.13
O00575,2025-05-10,2025-05,P001,CardioMax 10,Cardiology,West,Surat,Vikram Patel,D038,51,177.73,0.05,8611.02,1033.32,0.12
O00576,2025-03-20,2025-03,P002,CardioMax 20,Cardiology,West,Mumbai,Aarav Sharma,D041,53,236.42,0.0,12530.26,1253.03,0.1
O00577,2025-08-12,2025-08,P010,BoneStrong D3,Orthopedics,Central,Nagpur,Riya Singh,D030,28,106.76,0.0,2989.28,448.39,0.15
O00578,2025-03-15,2025-03,P010,BoneStrong D3,Orthopedics,Central,Nagpur,Priya Nair,D076,47,107.4,0.05,4795.41,719.31,0.15
O00579,2025-07-06,2025-07,P002,CardioMax 20,Cardiology,West,Ahmedabad,Neha Gupta,D071,46,238.32,0.0,10962.72,1096.27,0.1
O00580,2025-07-22,2025-07,P005,RespiraPlus,Respiratory,North,Lucknow,Karan Verma,D038,30,151.67,0.02,4459.1,490.5,0.11
O00581,2025-11-09,2025-11,P009,Dermaclear,Dermatology,North,Lucknow,Ananya Das,D009,11,145.82,0.0,1604.02,192.48,0.12
O00582,2025-04-04,2025-04,P011,AntiBio-X,Anti-Infective,North,Delhi,Rahul Kumar,D018,29,82.73,0.0,2399.17,431.85,0.18
O00583,2025-04-11,2025-04,P001,CardioMax 10,Cardiology,East,Kolkata,Ananya Das,D049,38,180.03,0.0,6841.14,820.94,0.12
O00584,2025-02-16,2025-02,P009,Dermaclear,Dermatology,Central,Bhopal,Vikram Patel,D027,8,144.12,0.08,1060.72,127.29,0.12
O00585,2025-06-03,2025-06,P001,CardioMax 10,Cardiology,South,Chennai,Priya Nair,D053,26,180.77,0.08,4324.02,518.88,0.12
O00586,2025-03-17,2025-03,P003,GlucoCare 500,Diabetes,West,Ahmedabad,Aarav Sharma,D055,38,91.51,0.02,3407.83,545.25,0.16
O00587,2025-11-06,2025-11,P001,CardioMax 10,Cardiology,South,Bengaluru,Riya Singh,D080,54,179.48,0.02,9498.08,1139.77,0.12
O00588,2025-05-14,2025-05,P007,GastroEase,Gastroenterology,West,Mumbai,Ananya Das,D043,34,118.85,0.0,4040.9,525.32,0.13
O00589,2025-03-09,2025-03,P011,AntiBio-X,Anti-Infective,West,Pune,Ananya Das,D030,18,85.24,0.1,1380.89,248.56,0.18
O00590,2025-03-19,2025-03,P002,CardioMax 20,Cardiology,South,Kochi,Riya Singh,D021,42,233.34,0.02,9604.27,960.43,0.1
O00591,2025-07-06,2025-07,P007,GastroEase,Gastroenterology,Central,Raipur,Priya Nair,D066,11,118.17,0.0,1299.87,168.98,0.13
O00592,2025-02-13,2025-02,P006,NeuroRelief,Neurology,West,Mumbai,Priya Nair,D022,11,211.41,0.02,2279.0,205.11,0.09
O00593,2025-03-25,2025-03,P011,AntiBio-X,Anti-Infective,West,Mumbai,Priya Nair,D007,50,84.53,0.0,4226.5,760.77,0.18
O00594,2025-03-10,2025-03,P005,RespiraPlus,Respiratory,West,Mumbai,Vikram Patel,D003,22,155.74,0.0,3426.28,376.89,0.11
O00595,2025-11-24,2025-11,P003,GlucoCare 500,Diabetes,Central,Nagpur,Ananya Das,D014,16,91.9,0.0,1470.4,235.26,0.16
O00596,2025-02-03,2025-02,P010,BoneStrong D3,Orthopedics,North,Delhi,Aarav Sharma,D067,32,107.06,0.05,3254.62,488.19,0.15
O00597,2025-04-16,2025-04,P009,Dermaclear,Dermatology,West,Surat,Riya Singh,D069,9,147.57,0.0,1328.13,159.38,0.12
O00598,2025-09-19,2025-09,P003,GlucoCare 500,Diabetes,North,Chandigarh,Vikram Patel,D057,24,95.15,0.0,2283.6,365.38,0.16
O00599,2025-01-10,2025-01,P008,ImmunoShield,Immunology,West,Surat,Rahul Kumar,D076,91,280.5,0.08,23483.46,1878.68,0.08
O00600,2025-12-08,2025-12,P002,CardioMax 20,Cardiology,East,Bhubaneswar,Vikram Patel,D020,23,231.1,0.05,5049.54,504.95,0.1
O00601,2025-02-13,2025-02,P010,BoneStrong D3,Orthopedics,South,Hyderabad,Ananya Das,D006,44,109.87,0.05,4592.57,688.89,0.15
O00602,2025-09-23,2025-09,P005,RespiraPlus,Respiratory,West,Surat,Ananya Das,D057,29,150.12,0.0,4353.48,478.88,0.11
O00603,2025-12-18,2025-12,P010,BoneStrong D3,Orthopedics,West,Ahmedabad,Riya Singh,D052,11,109.7,0.1,1086.03,162.9,0.15
O00604,2025-10-06,2025-10,P004,GlucoCare 1000,Diabetes,North,Lucknow,Ananya Das,D031,26,134.15,0.0,3487.9,488.31,0.14
O00605,2025-08-14,2025-08,P003,GlucoCare 500,Diabetes,East,Bhubaneswar,Rahul Kumar,D018,17,92.01,0.0,1564.17,250.27,0.16
O00606,2025-06-21,2025-06,P007,GastroEase,Gastroenterology,South,Kochi,Aarav Sharma,D011,32,120.17,0.0,3845.44,499.91,0.13
O00607,2025-02-11,2025-02,P005,RespiraPlus,Respiratory,West,Pune,Karan Verma,D058,51,152.74,0.0,7789.74,856.87,0.11
O00608,2025-10-07,2025-10,P009,Dermaclear,Dermatology,South,Kochi,Riya Singh,D057,14,141.76,0.0,1984.64,238.16,0.12
O00609,2025-04-14,2025-04,P010,BoneStrong D3,Orthopedics,East,Patna,Neha Gupta,D002,25,108.92,0.1,2450.7,367.61,0.15
O00610,2025-09-15,2025-09,P007,GastroEase,Gastroenterology,North,Jaipur,Riya Singh,D076,31,123.65,0.0,3833.15,498.31,0.13
O00611,2025-01-05,2025-01,P004,GlucoCare 1000,Diabetes,North,Delhi,Aarav Sharma,D053,15,134.74,0.05,1920.04,268.81,0.14
O00612,2025-09-20,2025-09,P003,GlucoCare 500,Diabetes,West,Ahmedabad,Vikram Patel,D070,12,93.68,0.0,1124.16,179.87,0.16
O00613,2025-08-25,2025-08,P011,AntiBio-X,Anti-Infective,North,Chandigarh,Priya Nair,D077,25,86.83,0.0,2170.75,390.73,0.18
O00614,2025-03-09,2025-03,P005,RespiraPlus,Respiratory,West,Pune,Aarav Sharma,D044,57,155.48,0.0,8862.36,974.86,0.11
O00615,2025-09-01,2025-09,P008,ImmunoShield,Immunology,South,Hyderabad,Rahul Kumar,D077,26,281.89,0.02,7182.56,574.6,0.08
O00616,2025-03-16,2025-03,P004,GlucoCare 1000,Diabetes,Central,Bhopal,Aarav Sharma,D071,36,138.22,0.0,4975.92,696.63,0.14
O00617,2025-06-15,2025-06,P003,GlucoCare 500,Diabetes,South,Chennai,Karan Verma,D010,43,96.09,0.1,3718.68,594.99,0.16
O00618,2025-10-19,2025-10,P012,PainFree XR,Pain Management,Central,Indore,Neha Gupta,D067,36,75.92,0.02,2678.46,535.69,0.2
O00619,2025-08-14,2025-08,P004,GlucoCare 1000,Diabetes,West,Mumbai,Aarav Sharma,D045,37,139.58,0.0,5164.46,723.02,0.14
O00620,2025-04-26,2025-04,P010,BoneStrong D3,Orthopedics,South,Bengaluru,Vikram Patel,D017,21,106.94,0.08,2066.08,309.91,0.15
O00621,2025-02-18,2025-02,P007,GastroEase,Gastroenterology,South,Chennai,Neha Gupta,D049,27,117.66,0.02,3113.28,404.73,0.13
O00622,2025-02-18,2025-02,P007,GastroEase,Gastroenterology,West,Pune,Vikram Patel,D031,19,119.68,0.08,2092.01,271.96,0.13
O00623,2025-03-21,2025-03,P011,AntiBio-X,Anti-Infective,East,Ranchi,Priya Nair,D064,39,86.75,0.02,3315.58,596.8,0.18
O00624,2025-12-08,2025-12,P002,CardioMax 20,Cardiology,West,Ahmedabad,Neha Gupta,D049,41,231.59,0.0,9495.19,949.52,0.1
O00625,2025-05-31,2025-05,P005,RespiraPlus,Respiratory,Central,Bhopal,Vikram Patel,D017,27,152.58,0.08,3790.09,416.91,0.11
O00626,2025-07-25,2025-07,P004,GlucoCare 1000,Diabetes,North,Lucknow,Neha Gupta,D019,10,139.75,0.0,1397.5,195.65,0.14
O00627,2025-11-21,2025-11,P010,BoneStrong D3,Orthopedics,North,Delhi,Rahul Kumar,D069,25,108.7,0.0,2717.5,407.62,0.15
O00628,2025-05-08,2025-05,P008,ImmunoShield,Immunology,North,Delhi,Neha Gupta,D078,26,264.6,0.0,6879.6,550.37,0.08
O00629,2025-11-02,2025-11,P008,ImmunoShield,Immunology,North,Delhi,Ananya Das,D043,14,272.56,0.02,3739.52,299.16,0.08
O00630,2025-09-19,2025-09,P007,GastroEase,Gastroenterology,Central,Indore,Karan Verma,D021,36,118.31,0.02,4173.98,542.62,0.13
O00631,2025-02-26,2025-02,P001,CardioMax 10,Cardiology,South,Bengaluru,Rahul Kumar,D003,31,179.24,0.0,5556.44,666.77,0.12
O00632,2025-06-02,2025-06,P006,NeuroRelief,Neurology,South,Bengaluru,Vikram Patel,D052,67,207.43,0.0,13897.81,1250.8,0.09
O00633,2025-07-20,2025-07,P002,CardioMax 20,Cardiology,North,Chandigarh,Karan Verma,D007,24,248.49,0.05,5665.57,566.56,0.1
O00634,2025-11-25,2025-11,P002,CardioMax 20,Cardiology,North,Chandigarh,Ananya Das,D019,32,233.65,0.0,7476.8,747.68,0.1
O00635,2025-07-16,2025-07,P004,GlucoCare 1000,Diabetes,North,Lucknow,Rahul Kumar,D073,8,132.79,0.0,1062.32,148.72,0.14
O00636,2025-02-26,2025-02,P002,CardioMax 20,Cardiology,West,Mumbai,Ananya Das,D075,24,245.41,0.0,5889.84,588.98,0.1
O00637,2025-07-07,2025-07,P006,NeuroRelief,Neurology,West,Ahmedabad,Karan Verma,D076,15,214.21,0.0,3213.15,289.18,0.09
O00638,2025-01-10,2025-01,P011,AntiBio-X,Anti-Infective,South,Kochi,Ananya Das,D018,47,84.66,0.0,3979.02,716.22,0.18
O00639,2025-09-11,2025-09,P004,GlucoCare 1000,Diabetes,West,Pune,Neha Gupta,D038,56,137.36,0.02,7538.32,1055.36,0.14
O00640,2025-07-19,2025-07,P003,GlucoCare 500,Diabetes,Central,Indore,Rahul Kumar,D014,32,93.64,0.0,2996.48,479.44,0.16
O00641,2025-08-23,2025-08,P007,GastroEase,Gastroenterology,North,Lucknow,Neha Gupta,D038,23,116.53,0.05,2546.18,331.0,0.13
O00642,2025-05-15,2025-05,P012,PainFree XR,Pain Management,South,Chennai,Rahul Kumar,D050,59,76.72,0.05,4300.16,860.03,0.2
O00643,2025-11-23,2025-11,P003,GlucoCare 500,Diabetes,West,Surat,Karan Verma,D034,32,96.82,0.02,3036.28,485.8,0.16
O00644,2025-02-13,2025-02,P006,NeuroRelief,Neurology,West,Pune,Rahul Kumar,D032,24,204.94,0.0,4918.56,442.67,0.09
O00645,2025-06-25,2025-06,P008,ImmunoShield,Immunology,South,Chennai,Neha Gupta,D010,24,268.7,0.0,6448.8,515.9,0.08
O00646,2025-11-21,2025-11,P009,Dermaclear,Dermatology,West,Ahmedabad,Rahul Kumar,D021,35,142.0,0.05,4721.5,566.58,0.12
O00647,2025-06-17,2025-06,P003,GlucoCare 500,Diabetes,West,Ahmedabad,Priya Nair,D040,29,91.3,0.05,2515.31,402.45,0.16
O00648,2025-09-19,2025-09,P008,ImmunoShield,Immunology,West,Mumbai,Karan Verma,D002,30,280.86,0.05,8004.51,640.36,0.08
O00649,2025-04-17,2025-04,P003,GlucoCare 500,Diabetes,West,Surat,Riya Singh,D012,29,98.7,0.05,2719.18,435.07,0.16
O00650,2025-10-24,2025-10,P012,PainFree XR,Pain Management,North,Delhi,Priya Nair,D074,35,74.85,0.0,2619.75,523.95,0.2
O00651,2025-01-05,2025-01,P007,GastroEase,Gastroenterology,East,Kolkata,Priya Nair,D010,16,115.69,0.02,1814.02,235.82,0.13
O00652,2025-03-16,2025-03,P002,CardioMax 20,Cardiology,South,Chennai,Aarav Sharma,D063,7,232.96,0.02,1598.11,159.81,0.1
O00653,2025-05-25,2025-05,P006,NeuroRelief,Neurology,East,Kolkata,Vikram Patel,D070,24,212.16,0.08,4684.49,421.6,0.09
O00654,2025-12-01,2025-12,P008,ImmunoShield,Immunology,West,Mumbai,Aarav Sharma,D052,45,265.88,0.05,11366.37,909.31,0.08
O00655,2025-10-20,2025-10,P010,BoneStrong D3,Orthopedics,South,Hyderabad,Riya Singh,D048,20,106.51,0.0,2130.2,319.53,0.15
O00656,2025-12-24,2025-12,P012,PainFree XR,Pain Management,North,Jaipur,Ananya Das,D013,15,76.97,0.08,1062.19,212.44,0.2
O00657,2025-10-07,2025-10,P010,BoneStrong D3,Orthopedics,West,Mumbai,Karan Verma,D026,29,107.89,0.0,3128.81,469.32,0.15
O00658,2025-02-07,2025-02,P012,PainFree XR,Pain Management,South,Chennai,Rahul Kumar,D015,37,77.15,0.08,2626.19,525.24,0.2
O00659,2025-06-28,2025-06,P003,GlucoCare 500,Diabetes,South,Kochi,Priya Nair,D029,42,91.7,0.1,3466.26,554.6,0.16
O00660,2025-04-21,2025-04,P001,CardioMax 10,Cardiology,West,Ahmedabad,Karan Verma,D035,39,185.93,0.1,6526.14,783.14,0.12
O00661,2025-03-25,2025-03,P003,GlucoCare 500,Diabetes,North,Jaipur,Riya Singh,D064,31,98.4,0.05,2897.88,463.66,0.16
O00662,2025-04-24,2025-04,P006,NeuroRelief,Neurology,South,Bengaluru,Aarav Sharma,D070,33,212.72,0.1,6317.78,568.6,0.09
O00663,2025-08-06,2025-08,P010,BoneStrong D3,Orthopedics,West,Pune,Vikram Patel,D026,20,110.86,0.0,2217.2,332.58,0.15
O00664,2025-02-16,2025-02,P008,ImmunoShield,Immunology,Central,Raipur,Vikram Patel,D021,18,275.02,0.05,4702.84,376.23,0.08
O00665,2025-11-14,2025-11,P009,Dermaclear,Dermatology,South,Hyderabad,Priya Nair,D008,70,146.52,0.0,10256.4,1230.77,0.12
O00666,2025-12-07,2025-12,P004,GlucoCare 1000,Diabetes,West,Surat,Riya Singh,D046,22,135.5,0.0,2981.0,417.34,0.14
O00667,2025-09-28,2025-09,P010,BoneStrong D3,Orthopedics,West,Mumbai,Ananya Das,D080,27,109.09,0.08,2709.8,406.47,0.15
O00668,2025-04-03,2025-04,P012,PainFree XR,Pain Management,North,Lucknow,Ananya Das,D031,32,74.1,0.0,2371.2,474.24,0.2
O00669,2025-04-01,2025-04,P010,BoneStrong D3,Orthopedics,South,Bengaluru,Karan Verma,D049,51,107.41,0.05,5204.01,780.6,0.15
O00670,2025-06-13,2025-06,P010,BoneStrong D3,Orthopedics,South,Chennai,Riya Singh,D025,68,106.28,0.05,6865.69,1029.85,0.15
O00671,2025-06-02,2025-06,P003,GlucoCare 500,Diabetes,North,Jaipur,Rahul Kumar,D058,51,91.63,0.05,4439.47,710.32,0.16
O00672,2025-10-20,2025-10,P008,ImmunoShield,Immunology,East,Ranchi,Neha Gupta,D065,30,264.73,0.0,7941.9,635.35,0.08
O00673,2025-08-25,2025-08,P003,GlucoCare 500,Diabetes,East,Bhubaneswar,Vikram Patel,D075,31,91.31,0.02,2774.0,443.84,0.16
O00674,2025-02-04,2025-02,P004,GlucoCare 1000,Diabetes,Central,Raipur,Priya Nair,D016,10,139.27,0.0,1392.7,194.98,0.14
O00675,2025-09-28,2025-09,P011,AntiBio-X,Anti-Infective,West,Mumbai,Vikram Patel,D068,15,84.01,0.0,1260.15,226.83,0.18
O00676,2025-08-03,2025-08,P007,GastroEase,Gastroenterology,West,Ahmedabad,Neha Gupta,D007,27,121.09,0.0,3269.43,425.03,0.13
O00677,2025-05-12,2025-05,P005,RespiraPlus,Respiratory,East,Ranchi,Priya Nair,D028,27,149.68,0.02,3960.53,435.66,0.11
O00678,2025-10-13,2025-10,P009,Dermaclear,Dermatology,North,Chandigarh,Aarav Sharma,D080,52,146.66,0.0,7626.32,915.16,0.12
O00679,2025-12-23,2025-12,P004,GlucoCare 1000,Diabetes,North,Lucknow,Neha Gupta,D052,22,136.68,0.0,3006.96,420.97,0.14
O00680,2025-01-22,2025-01,P004,GlucoCare 1000,Diabetes,South,Kochi,Neha Gupta,D047,47,140.31,0.05,6264.84,877.08,0.14
O00681,2025-04-11,2025-04,P011,AntiBio-X,Anti-Infective,North,Delhi,Karan Verma,D058,26,87.03,0.0,2262.78,407.3,0.18
O00682,2025-08-31,2025-08,P011,AntiBio-X,Anti-Infective,South,Bengaluru,Riya Singh,D016,21,85.5,0.0,1795.5,323.19,0.18
O00683,2025-04-16,2025-04,P011,AntiBio-X,Anti-Infective,South,Bengaluru,Rahul Kumar,D045,3,84.82,0.05,241.74,43.51,0.18
O00684,2025-05-26,2025-05,P009,Dermaclear,Dermatology,South,Bengaluru,Rahul Kumar,D078,13,142.67,0.05,1761.97,211.44,0.12
O00685,2025-08-30,2025-08,P012,PainFree XR,Pain Management,North,Chandigarh,Priya Nair,D075,14,75.58,0.0,1058.12,211.62,0.2
O00686,2025-11-16,2025-11,P010,BoneStrong D3,Orthopedics,North,Jaipur,Riya Singh,D020,18,113.66,0.1,1841.29,276.19,0.15
O00687,2025-10-27,2025-10,P005,RespiraPlus,Respiratory,West,Pune,Rahul Kumar,D031,19,157.91,0.0,3000.29,330.03,0.11
O00688,2025-03-08,2025-03,P012,PainFree XR,Pain Management,North,Delhi,Karan Verma,D057,22,75.09,0.0,1651.98,330.4,0.2
O00689,2025-06-28,2025-06,P012,PainFree XR,Pain Management,North,Chandigarh,Vikram Patel,D009,24,75.95,0.0,1822.8,364.56,0.2
O00690,2025-01-31,2025-01,P002,CardioMax 20,Cardiology,East,Ranchi,Riya Singh,D077,21,233.74,0.05,4663.11,466.31,0.1
O00691,2025-06-11,2025-06,P007,GastroEase,Gastroenterology,West,Ahmedabad,Ananya Das,D055,54,121.3,0.0,6550.2,851.53,0.13
O00692,2025-02-22,2025-02,P012,PainFree XR,Pain Management,South,Chennai,Aarav Sharma,D042,39,72.93,0.08,2616.73,523.35,0.2
O00693,2025-04-10,2025-04,P012,PainFree XR,Pain Management,North,Jaipur,Rahul Kumar,D059,42,73.04,0.0,3067.68,613.54,0.2
O00694,2025-01-30,2025-01,P009,Dermaclear,Dermatology,East,Patna,Aarav Sharma,D020,37,147.2,0.0,5446.4,653.57,0.12
O00695,2025-02-09,2025-02,P011,AntiBio-X,Anti-Infective,West,Pune,Karan Verma,D050,55,86.48,0.0,4756.4,856.15,0.18
O00696,2025-08-17,2025-08,P007,GastroEase,Gastroenterology,West,Ahmedabad,Riya Singh,D012,19,120.94,0.02,2251.9,292.75,0.13
O00697,2025-09-26,2025-09,P011,AntiBio-X,Anti-Infective,North,Chandigarh,Aarav Sharma,D018,7,84.04,0.05,558.87,100.6,0.18
O00698,2025-02-08,2025-02,P001,CardioMax 10,Cardiology,East,Kolkata,Ananya Das,D002,52,175.57,0.02,8947.05,1073.65,0.12
O00699,2025-09-04,2025-09,P010,BoneStrong D3,Orthopedics,North,Jaipur,Ananya Das,D022,22,113.83,0.02,2454.17,368.13,0.15
O00700,2025-10-05,2025-10,P007,GastroEase,Gastroenterology,Central,Raipur,Riya Singh,D013,10,119.7,0.0,1197.0,155.61,0.13
O00701,2025-09-26,2025-09,P010,BoneStrong D3,Orthopedics,Central,Indore,Karan Verma,D003,20,111.46,0.1,2006.28,300.94,0.15
O00702,2025-07-11,2025-07,P003,GlucoCare 500,Diabetes,East,Bhubaneswar,Vikram Patel,D073,30,97.1,0.05,2767.35,442.78,0.16
O00703,2025-04-01,2025-04,P002,CardioMax 20,Cardiology,North,Lucknow,Rahul Kumar,D041,15,249.37,0.0,3740.55,374.05,0.1
O00704,2025-04-09,2025-04,P011,AntiBio-X,Anti-Infective,East,Patna,Riya Singh,D046,28,87.89,0.0,2460.92,442.97,0.18
O00705,2025-07-27,2025-07,P003,GlucoCare 500,Diabetes,Central,Indore,Priya Nair,D066,36,92.31,0.05,3157.0,505.12,0.16
O00706,2025-07-14,2025-07,P009,Dermaclear,Dermatology,West,Surat,Aarav Sharma,D053,12,148.61,0.05,1694.15,203.3,0.12
O00707,2025-10-10,2025-10,P006,NeuroRelief,Neurology,Central,Nagpur,Priya Nair,D044,35,216.85,0.08,6982.57,628.43,0.09
O00708,2025-06-17,2025-06,P003,GlucoCare 500,Diabetes,South,Kochi,Vikram Patel,D076,33,98.35,0.0,3245.55,519.29,0.16
O00709,2025-03-10,2025-03,P001,CardioMax 10,Cardiology,North,Jaipur,Priya Nair,D031,11,173.04,0.05,1808.27,216.99,0.12
O00710,2025-08-08,2025-08,P011,AntiBio-X,Anti-Infective,East,Patna,Aarav Sharma,D002,25,87.74,0.1,1974.15,355.35,0.18
O00711,2025-01-20,2025-01,P006,NeuroRelief,Neurology,East,Ranchi,Riya Singh,D025,17,209.75,0.05,3387.46,304.87,0.09
O00712,2025-11-19,2025-11,P003,GlucoCare 500,Diabetes,West,Mumbai,Rahul Kumar,D019,16,91.75,0.02,1438.64,230.18,0.16
O00713,2025-10-05,2025-10,P009,Dermaclear,Dermatology,South,Hyderabad,Ananya Das,D003,35,141.6,0.08,4559.52,547.14,0.12
O00714,2025-04-14,2025-04,P008,ImmunoShield,Immunology,West,Surat,Riya Singh,D016,28,266.18,0.08,6856.8,548.54,0.08
O00715,2025-09-11,2025-09,P012,PainFree XR,Pain Management,South,Bengaluru,Priya Nair,D050,18,76.73,0.0,1381.14,276.23,0.2
O00716,2025-10-19,2025-10,P005,RespiraPlus,Respiratory,North,Jaipur,Priya Nair,D041,39,149.35,0.0,5824.65,640.71,0.11
O00717,2025-11-07,2025-11,P010,BoneStrong D3,Orthopedics,South,Chennai,Rahul Kumar,D023,40,106.29,0.02,4166.57,624.99,0.15
O00718,2025-10-04,2025-10,P009,Dermaclear,Dermatology,Central,Nagpur,Aarav Sharma,D058,4,144.67,0.02,567.11,68.05,0.12
O00719,2025-05-31,2025-05,P001,CardioMax 10,Cardiology,South,Hyderabad,Priya Nair,D018,43,183.26,0.08,7249.77,869.97,0.12
O00720,2025-01-19,2025-01,P003,GlucoCare 500,Diabetes,South,Kochi,Rahul Kumar,D034,19,93.52,0.08,1634.73,261.56,0.16
O00721,2025-08-06,2025-08,P001,CardioMax 10,Cardiology,North,Lucknow,Vikram Patel,D016,23,173.98,0.0,4001.54,480.18,0.12
O00722,2025-10-18,2025-10,P002,CardioMax 20,Cardiology,South,Hyderabad,Neha Gupta,D017,29,231.87,0.05,6388.02,638.8,0.1
O00723,2025-11-13,2025-11,P004,GlucoCare 1000,Diabetes,South,Chennai,Vikram Patel,D055,13,137.61,0.0,1788.93,250.45,0.14
O00724,2025-08-25,2025-08,P010,BoneStrong D3,Orthopedics,West,Pune,Vikram Patel,D046,26,107.95,0.0,2806.7,421.01,0.15
O00725,2025-08-20,2025-08,P010,BoneStrong D3,Orthopedics,South,Kochi,Priya Nair,D063,53,113.72,0.0,6027.16,904.07,0.15
O00726,2025-12-04,2025-12,P005,RespiraPlus,Respiratory,North,Jaipur,Aarav Sharma,D064,11,159.18,0.0,1750.98,192.61,0.11
O00727,2025-04-10,2025-04,P003,GlucoCare 500,Diabetes,West,Surat,Vikram Patel,D031,33,97.89,0.0,3230.37,516.86,0.16
O00728,2025-04-17,2025-04,P002,CardioMax 20,Cardiology,North,Lucknow,Vikram Patel,D004,19,239.45,0.02,4458.56,445.86,0.1
O00729,2025-07-13,2025-07,P011,AntiBio-X,Anti-Infective,North,Delhi,Riya Singh,D055,32,84.34,0.0,2698.88,485.8,0.18
O00730,2025-07-10,2025-07,P003,GlucoCare 500,Diabetes,West,Mumbai,Vikram Patel,D078,76,98.77,0.05,7131.19,1140.99,0.16
O00731,2025-02-17,2025-02,P012,PainFree XR,Pain Management,West,Surat,Neha Gupta,D050,31,72.37,0.08,2063.99,412.8,0.2
O00732,2025-01-09,2025-01,P003,GlucoCare 500,Diabetes,North,Delhi,Rahul Kumar,D058,22,92.41,0.0,2033.02,325.28,0.16
O00733,2025-01-06,2025-01,P003,GlucoCare 500,Diabetes,East,Ranchi,Neha Gupta,D012,7,95.71,0.0,669.97,107.2,0.16
O00734,2025-12-03,2025-12,P012,PainFree XR,Pain Management,East,Bhubaneswar,Neha Gupta,D030,31,72.87,0.0,2258.97,451.79,0.2
O00735,2025-08-17,2025-08,P006,NeuroRelief,Neurology,North,Jaipur,Priya Nair,D047,37,203.97,0.05,7169.55,645.26,0.09
O00736,2025-10-01,2025-10,P009,Dermaclear,Dermatology,West,Ahmedabad,Neha Gupta,D071,44,150.2,0.0,6608.8,793.06,0.12
O00737,2025-10-11,2025-10,P002,CardioMax 20,Cardiology,East,Ranchi,Priya Nair,D008,21,238.1,0.0,5000.1,500.01,0.1
O00738,2025-04-10,2025-04,P001,CardioMax 10,Cardiology,West,Pune,Ananya Das,D072,13,182.98,0.05,2259.8,271.18,0.12
O00739,2025-04-02,2025-04,P007,GastroEase,Gastroenterology,West,Surat,Vikram Patel,D078,12,115.88,0.1,1251.5,162.7,0.13
O00740,2025-12-30,2025-12,P007,GastroEase,Gastroenterology,South,Chennai,Neha Gupta,D069,13,121.38,0.05,1499.04,194.88,0.13
O00741,2025-12-26,2025-12,P007,GastroEase,Gastroenterology,West,Ahmedabad,Rahul Kumar,D071,34,122.31,0.02,4075.37,529.8,0.13
O00742,2025-10-31,2025-10,P009,Dermaclear,Dermatology,South,Kochi,Rahul Kumar,D025,23,143.11,0.0,3291.53,394.98,0.12
O00743,2025-04-14,2025-04,P004,GlucoCare 1000,Diabetes,North,Chandigarh,Karan Verma,D028,31,131.93,0.05,3885.34,543.95,0.14
O00744,2025-12-05,2025-12,P003,GlucoCare 500,Diabetes,West,Mumbai,Aarav Sharma,D075,25,96.3,0.08,2214.9,354.38,0.16
O00745,2025-09-15,2025-09,P010,BoneStrong D3,Orthopedics,East,Bhubaneswar,Neha Gupta,D055,36,110.94,0.05,3794.15,569.12,0.15
O00746,2025-01-06,2025-01,P008,ImmunoShield,Immunology,North,Delhi,Karan Verma,D027,25,266.25,0.0,6656.25,532.5,0.08
O00747,2025-09-21,2025-09,P002,CardioMax 20,Cardiology,Central,Bhopal,Priya Nair,D035,16,249.46,0.05,3791.79,379.18,0.1
O00748,2025-08-30,2025-08,P012,PainFree XR,Pain Management,Central,Indore,Vikram Patel,D046,13,74.91,0.0,973.83,194.77,0.2
O00749,2025-02-18,2025-02,P008,ImmunoShield,Immunology,North,Jaipur,Rahul Kumar,D040,47,282.67,0.05,12621.22,1009.7,0.08
O00750,2025-06-10,2025-06,P004,GlucoCare 1000,Diabetes,East,Bhubaneswar,Priya Nair,D009,12,130.51,0.0,1566.12,219.26,0.14
O00751,2025-09-19,2025-09,P009,Dermaclear,Dermatology,East,Kolkata,Aarav Sharma,D020,17,141.44,0.0,2404.48,288.54,0.12
O00752,2025-08-21,2025-08,P012,PainFree XR,Pain Management,South,Chennai,Aarav Sharma,D049,41,73.01,0.05,2843.74,568.75,0.2
O00753,2025-02-25,2025-02,P012,PainFree XR,Pain Management,West,Surat,Karan Verma,D077,112,76.83,0.05,8174.71,1634.94,0.2
O00754,2025-11-04,2025-11,P006,NeuroRelief,Neurology,North,Delhi,Karan Verma,D056,57,202.23,0.02,11296.57,1016.69,0.09
O00755,2025-02-24,2025-02,P010,BoneStrong D3,Orthopedics,West,Surat,Aarav Sharma,D077,44,109.7,0.0,4826.8,724.02,0.15
O00756,2025-05-25,2025-05,P002,CardioMax 20,Cardiology,East,Ranchi,Neha Gupta,D027,24,242.22,0.08,5348.22,534.82,0.1
O00757,2025-01-23,2025-01,P011,AntiBio-X,Anti-Infective,Central,Bhopal,Rahul Kumar,D031,29,86.58,0.08,2309.95,415.79,0.18
O00758,2025-03-08,2025-03,P007,GastroEase,Gastroenterology,Central,Bhopal,Vikram Patel,D008,13,121.86,0.05,1504.97,195.65,0.13
O00759,2025-10-25,2025-10,P011,AntiBio-X,Anti-Infective,South,Kochi,Priya Nair,D023,27,85.56,0.05,2194.61,395.03,0.18
O00760,2025-01-16,2025-01,P003,GlucoCare 500,Diabetes,North,Lucknow,Priya Nair,D008,41,98.35,0.02,3951.7,632.27,0.16
O00761,2025-03-31,2025-03,P012,PainFree XR,Pain Management,North,Lucknow,Vikram Patel,D017,22,76.41,0.05,1596.97,319.39,0.2
O00762,2025-08-12,2025-08,P012,PainFree XR,Pain Management,South,Hyderabad,Neha Gupta,D035,19,72.62,0.02,1352.18,270.44,0.2
O00763,2025-07-29,2025-07,P009,Dermaclear,Dermatology,South,Kochi,Ananya Das,D031,60,140.53,0.02,8263.16,991.58,0.12
O00764,2025-07-06,2025-07,P006,NeuroRelief,Neurology,Central,Indore,Ananya Das,D064,23,204.93,0.05,4477.72,402.99,0.09
O00765,2025-10-20,2025-10,P011,AntiBio-X,Anti-Infective,East,Bhubaneswar,Priya Nair,D033,24,84.53,0.1,1825.85,328.65,0.18
O00766,2025-11-14,2025-11,P008,ImmunoShield,Immunology,East,Patna,Ananya Das,D061,15,271.64,0.0,4074.6,325.97,0.08
O00767,2025-02-13,2025-02,P001,CardioMax 10,Cardiology,West,Ahmedabad,Riya Singh,D018,24,183.26,0.08,4046.38,485.57,0.12
O00768,2025-06-09,2025-06,P006,NeuroRelief,Neurology,West,Pune,Karan Verma,D062,49,212.05,0.05,9870.93,888.38,0.09
O00769,2025-12-26,2025-12,P005,RespiraPlus,Respiratory,East,Ranchi,Karan Verma,D067,65,154.89,0.0,10067.85,1107.46,0.11
O00770,2025-06-29,2025-06,P007,GastroEase,Gastroenterology,South,Kochi,Aarav Sharma,D012,24,117.49,0.05,2678.77,348.24,0.13
O00771,2025-02-18,2025-02,P005,RespiraPlus,Respiratory,Central,Raipur,Priya Nair,D055,15,148.92,0.02,2189.12,240.8,0.11
O00772,2025-01-12,2025-01,P004,GlucoCare 1000,Diabetes,West,Surat,Neha Gupta,D057,41,139.57,0.0,5722.37,801.13,0.14
O00773,2025-12-10,2025-12,P012,PainFree XR,Pain Management,West,Pune,Vikram Patel,D075,11,77.88,0.05,813.85,162.77,0.2
O00774,2025-03-16,2025-03,P004,GlucoCare 1000,Diabetes,West,Ahmedabad,Rahul Kumar,D066,31,139.4,0.05,4105.33,574.75,0.14
O00775,2025-05-04,2025-05,P006,NeuroRelief,Neurology,West,Surat,Rahul Kumar,D066,24,217.14,0.0,5211.36,469.02,0.09
O00776,2025-11-22,2025-11,P011,AntiBio-X,Anti-Infective,East,Patna,Riya Singh,D019,20,85.4,0.1,1537.2,276.7,0.18
O00777,2025-03-02,2025-03,P007,GastroEase,Gastroenterology,South,Bengaluru,Aarav Sharma,D065,14,120.21,0.0,1682.94,218.78,0.13
O00778,2025-12-06,2025-12,P003,GlucoCare 500,Diabetes,South,Chennai,Aarav Sharma,D078,29,91.21,0.02,2592.19,414.75,0.16
O00779,2025-11-05,2025-11,P009,Dermaclear,Dermatology,East,Bhubaneswar,Vikram Patel,D005,30,143.16,0.05,4080.06,489.61,0.12
O00780,2025-06-03,2025-06,P004,GlucoCare 1000,Diabetes,East,Kolkata,Ananya Das,D056,18,137.23,0.0,2470.14,345.82,0.14
O00781,2025-09-29,2025-09,P012,PainFree XR,Pain Management,North,Lucknow,Priya Nair,D003,22,74.82,0.0,1646.04,329.21,0.2
O00782,2025-10-16,2025-10,P011,AntiBio-X,Anti-Infective,South,Bengaluru,Priya Nair,D078,32,87.41,0.0,2797.12,503.48,0.18
O00783,2025-04-04,2025-04,P012,PainFree XR,Pain Management,South,Kochi,Neha Gupta,D043,47,76.84,0.0,3611.48,722.3,0.2
O00784,2025-05-01,2025-05,P010,BoneStrong D3,Orthopedics,East,Patna,Neha Gupta,D070,68,107.32,0.05,6932.87,1039.93,0.15
O00785,2025-06-04,2025-06,P005,RespiraPlus,Respiratory,West,Pune,Aarav Sharma,D006,77,151.29,0.0,11649.33,1281.43,0.11
O00786,2025-08-04,2025-08,P006,NeuroRelief,Neurology,North,Jaipur,Karan Verma,D065,33,215.17,0.0,7100.61,639.05,0.09
O00787,2025-09-24,2025-09,P002,CardioMax 20,Cardiology,South,Hyderabad,Vikram Patel,D011,32,231.73,0.08,6822.13,682.21,0.1
O00788,2025-07-20,2025-07,P007,GastroEase,Gastroenterology,Central,Bhopal,Aarav Sharma,D010,41,122.82,0.05,4783.84,621.9,0.13
O00789,2025-07-17,2025-07,P011,AntiBio-X,Anti-Infective,Central,Nagpur,Rahul Kumar,D010,10,84.52,0.0,845.2,152.14,0.18
O00790,2025-03-25,2025-03,P010,BoneStrong D3,Orthopedics,South,Hyderabad,Ananya Das,D042,25,108.76,0.02,2664.62,399.69,0.15
O00791,2025-08-01,2025-08,P007,GastroEase,Gastroenterology,West,Mumbai,Priya Nair,D068,54,118.52,0.0,6400.08,832.01,0.13
O00792,2025-09-27,2025-09,P011,AntiBio-X,Anti-Infective,Central,Raipur,Neha Gupta,D055,14,83.32,0.05,1108.16,199.47,0.18
O00793,2025-01-26,2025-01,P006,NeuroRelief,Neurology,North,Jaipur,Aarav Sharma,D075,22,207.86,0.0,4572.92,411.56,0.09
O00794,2025-10-12,2025-10,P004,GlucoCare 1000,Diabetes,East,Bhubaneswar,Karan Verma,D014,34,132.67,0.0,4510.78,631.51,0.14
O00795,2025-01-26,2025-01,P008,ImmunoShield,Immunology,West,Mumbai,Riya Singh,D002,51,269.38,0.0,13738.38,1099.07,0.08
O00796,2025-06-17,2025-06,P009,Dermaclear,Dermatology,South,Bengaluru,Priya Nair,D022,25,139.35,0.0,3483.75,418.05,0.12
O00797,2025-05-14,2025-05,P007,GastroEase,Gastroenterology,North,Lucknow,Rahul Kumar,D016,23,118.44,0.0,2724.12,354.14,0.13
O00798,2025-06-10,2025-06,P004,GlucoCare 1000,Diabetes,West,Surat,Riya Singh,D074,55,135.68,0.0,7462.4,1044.74,0.14
O00799,2025-03-30,2025-03,P011,AntiBio-X,Anti-Infective,North,Lucknow,Riya Singh,D048,46,86.22,0.1,3569.51,642.51,0.18
O00800,2025-07-07,2025-07,P003,GlucoCare 500,Diabetes,West,Mumbai,Rahul Kumar,D022,34,92.52,0.02,3082.77,493.24,0.16
O00801,2025-08-24,2025-08,P009,Dermaclear,Dermatology,South,Chennai,Vikram Patel,D034,19,148.4,0.0,2819.6,338.35,0.12
O00802,2025-12-15,2025-12,P004,GlucoCare 1000,Diabetes,East,Ranchi,Rahul Kumar,D079,17,135.12,0.0,2297.04,321.59,0.14
O00803,2025-07-15,2025-07,P006,NeuroRelief,Neurology,West,Surat,Priya Nair,D051,49,202.52,0.1,8931.13,803.8,0.09
O00804,2025-09-14,2025-09,P001,CardioMax 10,Cardiology,East,Patna,Neha Gupta,D060,14,186.32,0.08,2399.8,287.98,0.12
O00805,2025-04-20,2025-04,P002,CardioMax 20,Cardiology,West,Ahmedabad,Rahul Kumar,D010,19,235.88,0.02,4392.09,439.21,0.1
O00806,2025-08-11,2025-08,P011,AntiBio-X,Anti-Infective,Central,Bhopal,Aarav Sharma,D013,8,84.08,0.05,639.01,115.02,0.18
O00807,2025-11-13,2025-11,P001,CardioMax 10,Cardiology,South,Hyderabad,Aarav Sharma,D010,33,173.58,0.0,5728.14,687.38,0.12
O00808,2025-01-20,2025-01,P002,CardioMax 20,Cardiology,West,Mumbai,Aarav Sharma,D004,55,241.87,0.08,12238.62,1223.86,0.1
O00809,2025-08-03,2025-08,P002,CardioMax 20,Cardiology,West,Ahmedabad,Riya Singh,D022,41,243.38,0.0,9978.58,997.86,0.1
O00810,2025-09-02,2025-09,P002,CardioMax 20,Cardiology,South,Bengaluru,Vikram Patel,D053,21,237.38,0.08,4586.18,458.62,0.1
O00811,2025-05-27,2025-05,P011,AntiBio-X,Anti-Infective,South,Hyderabad,Rahul Kumar,D043,24,82.09,0.02,1930.76,347.54,0.18
O00812,2025-03-31,2025-03,P007,GastroEase,Gastroenterology,South,Bengaluru,Karan Verma,D051,13,121.23,0.0,1575.99,204.88,0.13
O00813,2025-06-02,2025-06,P007,GastroEase,Gastroenterology,Central,Indore,Priya Nair,D022,25,122.07,0.0,3051.75,396.73,0.13
O00814,2025-08-05,2025-08,P009,Dermaclear,Dermatology,North,Lucknow,Rahul Kumar,D035,31,143.1,0.05,4214.29,505.71,0.12
O00815,2025-11-11,2025-11,P002,CardioMax 20,Cardiology,South,Chennai,Priya Nair,D054,19,236.58,0.0,4495.02,449.5,0.1
O00816,2025-12-21,2025-12,P011,AntiBio-X,Anti-Infective,West,Pune,Ananya Das,D012,47,85.07,0.0,3998.29,719.69,0.18
O00817,2025-09-10,2025-09,P002,CardioMax 20,Cardiology,East,Ranchi,Vikram Patel,D014,37,236.55,0.0,8752.35,875.23,0.1
O00818,2025-10-08,2025-10,P003,GlucoCare 500,Diabetes,South,Kochi,Neha Gupta,D008,29,91.6,0.0,2656.4,425.02,0.16
O00819,2025-08-16,2025-08,P003,GlucoCare 500,Diabetes,West,Mumbai,Ananya Das,D021,34,96.31,0.05,3110.81,497.73,0.16
O00820,2025-06-21,2025-06,P012,PainFree XR,Pain Management,East,Ranchi,Priya Nair,D052,31,72.24,0.05,2127.47,425.49,0.2
O00821,2025-03-14,2025-03,P009,Dermaclear,Dermatology,South,Bengaluru,Priya Nair,D026,20,150.19,0.0,3003.8,360.46,0.12
O00822,2025-03-18,2025-03,P012,PainFree XR,Pain Management,North,Delhi,Riya Singh,D010,23,75.56,0.0,1737.88,347.58,0.2
O00823,2025-05-22,2025-05,P004,GlucoCare 1000,Diabetes,West,Ahmedabad,Priya Nair,D033,23,129.82,0.08,2746.99,384.58,0.14
O00824,2025-07-28,2025-07,P008,ImmunoShield,Immunology,East,Ranchi,Karan Verma,D012,28,273.1,0.05,7264.46,581.16,0.08
O00825,2025-06-26,2025-06,P011,AntiBio-X,Anti-Infective,West,Mumbai,Karan Verma,D033,27,87.38,0.08,2170.52,390.69,0.18
O00826,2025-07-18,2025-07,P010,BoneStrong D3,Orthopedics,North,Jaipur,Priya Nair,D046,45,109.44,0.02,4826.3,723.94,0.15
O00827,2025-08-11,2025-08,P004,GlucoCare 1000,Diabetes,South,Chennai,Priya Nair,D057,31,133.12,0.0,4126.72,577.74,0.14
O00828,2025-11-09,2025-11,P007,GastroEase,Gastroenterology,South,Bengaluru,Aarav Sharma,D008,74,124.29,0.0,9197.46,1195.67,0.13
O00829,2025-09-28,2025-09,P003,GlucoCare 500,Diabetes,South,Chennai,Ananya Das,D014,26,97.44,0.05,2406.77,385.08,0.16
O00830,2025-11-17,2025-11,P011,AntiBio-X,Anti-Infective,North,Chandigarh,Aarav Sharma,D005,42,84.16,0.0,3534.72,636.25,0.18
O00831,2025-04-21,2025-04,P012,PainFree XR,Pain Management,North,Jaipur,Neha Gupta,D037,40,75.03,0.0,3001.2,600.24,0.2
O00832,2025-01-09,2025-01,P011,AntiBio-X,Anti-Infective,Central,Nagpur,Priya Nair,D052,16,83.71,0.05,1272.39,229.03,0.18
O00833,2025-02-20,2025-02,P008,ImmunoShield,Immunology,West,Ahmedabad,Rahul Kumar,D079,16,276.89,0.0,4430.24,354.42,0.08
O00834,2025-12-31,2025-12,P012,PainFree XR,Pain Management,South,Chennai,Riya Singh,D063,24,74.37,0.05,1695.64,339.13,0.2
O00835,2025-11-16,2025-11,P002,CardioMax 20,Cardiology,North,Jaipur,Vikram Patel,D049,22,236.21,0.05,4936.79,493.68,0.1
O00836,2025-05-27,2025-05,P006,NeuroRelief,Neurology,East,Bhubaneswar,Riya Singh,D016,27,216.71,0.0,5851.17,526.61,0.09
O00837,2025-07-05,2025-07,P010,BoneStrong D3,Orthopedics,East,Patna,Neha Gupta,D080,18,109.98,0.0,1979.64,296.95,0.15
O00838,2025-10-10,2025-10,P007,GastroEase,Gastroenterology,Central,Bhopal,Priya Nair,D023,26,120.04,0.0,3121.04,405.74,0.13
O00839,2025-11-17,2025-11,P001,CardioMax 10,Cardiology,North,Delhi,Riya Singh,D064,22,173.06,0.05,3616.95,434.03,0.12
O00840,2025-03-29,2025-03,P006,NeuroRelief,Neurology,East,Patna,Riya Singh,D041,49,206.8,0.0,10133.2,911.99,0.09
O00841,2025-08-17,2025-08,P002,CardioMax 20,Cardiology,West,Ahmedabad,Ananya Das,D070,28,248.81,0.0,6966.68,696.67,0.1
O00842,2025-11-26,2025-11,P007,GastroEase,Gastroenterology,North,Jaipur,Aarav Sharma,D010,35,116.21,0.0,4067.35,528.76,0.13
O00843,2025-10-26,2025-10,P004,GlucoCare 1000,Diabetes,North,Delhi,Priya Nair,D076,28,137.08,0.0,3838.24,537.35,0.14
O00844,2025-04-02,2025-04,P008,ImmunoShield,Immunology,North,Lucknow,Ananya Das,D024,17,274.53,0.0,4667.01,373.36,0.08
O00845,2025-12-29,2025-12,P002,CardioMax 20,Cardiology,West,Pune,Priya Nair,D070,33,230.5,0.05,7226.17,722.62,0.1
O00846,2025-08-23,2025-08,P009,Dermaclear,Dermatology,West,Ahmedabad,Vikram Patel,D009,36,147.55,0.08,4886.86,586.42,0.12
O00847,2025-04-06,2025-04,P005,RespiraPlus,Respiratory,North,Delhi,Priya Nair,D052,21,152.28,0.0,3197.88,351.77,0.11
O00848,2025-07-11,2025-07,P003,GlucoCare 500,Diabetes,East,Patna,Ananya Das,D015,13,97.77,0.0,1271.01,203.36,0.16
O00849,2025-05-05,2025-05,P009,Dermaclear,Dermatology,West,Surat,Karan Verma,D053,49,142.24,0.02,6830.36,819.64,0.12
O00850,2025-12-10,2025-12,P011,AntiBio-X,Anti-Infective,Central,Raipur,Karan Verma,D019,16,86.04,0.1,1238.98,223.02,0.18
O00851,2025-03-23,2025-03,P010,BoneStrong D3,Orthopedics,North,Delhi,Aarav Sharma,D068,47,112.39,0.05,5018.21,752.73,0.15
O00852,2025-11-26,2025-11,P003,GlucoCare 500,Diabetes,East,Patna,Riya Singh,D049,27,96.96,0.05,2487.02,397.92,0.16
O00853,2025-08-28,2025-08,P007,GastroEase,Gastroenterology,West,Surat,Aarav Sharma,D037,27,124.29,0.08,3087.36,401.36,0.13
O00854,2025-02-25,2025-02,P007,GastroEase,Gastroenterology,West,Pune,Ananya Das,D078,27,122.5,0.0,3307.5,429.98,0.13
O00855,2025-06-29,2025-06,P008,ImmunoShield,Immunology,West,Pune,Aarav Sharma,D023,39,267.24,0.02,10213.91,817.11,0.08
O00856,2025-12-22,2025-12,P005,RespiraPlus,Respiratory,North,Delhi,Aarav Sharma,D071,20,160.85,0.08,2959.64,325.56,0.11
O00857,2025-03-14,2025-03,P001,CardioMax 10,Cardiology,East,Bhubaneswar,Priya Nair,D018,19,183.81,0.0,3492.39,419.09,0.12
O00858,2025-01-10,2025-01,P012,PainFree XR,Pain Management,East,Ranchi,Aarav Sharma,D003,14,76.68,0.1,966.17,193.23,0.2
O00859,2025-07-18,2025-07,P008,ImmunoShield,Immunology,East,Patna,Rahul Kumar,D039,30,281.87,0.0,8456.1,676.49,0.08
O00860,2025-06-06,2025-06,P011,AntiBio-X,Anti-Infective,South,Chennai,Ananya Das,D011,38,86.5,0.0,3287.0,591.66,0.18
O00861,2025-05-21,2025-05,P011,AntiBio-X,Anti-Infective,West,Pune,Aarav Sharma,D070,9,82.14,0.05,702.3,126.41,0.18
O00862,2025-06-24,2025-06,P004,GlucoCare 1000,Diabetes,North,Jaipur,Priya Nair,D047,17,136.72,0.1,2091.82,292.85,0.14
O00863,2025-01-25,2025-01,P011,AntiBio-X,Anti-Infective,North,Lucknow,Aarav Sharma,D041,65,83.53,0.02,5320.86,957.75,0.18
O00864,2025-02-25,2025-02,P005,RespiraPlus,Respiratory,West,Surat,Priya Nair,D006,30,150.77,0.1,4070.79,447.79,0.11
O00865,2025-11-12,2025-11,P002,CardioMax 20,Cardiology,South,Chennai,Aarav Sharma,D056,16,237.57,0.0,3801.12,380.11,0.1
O00866,2025-02-18,2025-02,P004,GlucoCare 1000,Diabetes,North,Jaipur,Karan Verma,D043,44,135.29,0.1,5357.48,750.05,0.14
O00867,2025-12-02,2025-12,P004,GlucoCare 1000,Diabetes,South,Chennai,Priya Nair,D064,20,134.38,0.05,2553.22,357.45,0.14
O00868,2025-03-29,2025-03,P012,PainFree XR,Pain Management,West,Mumbai,Ananya Das,D061,41,73.42,0.05,2859.71,571.94,0.2
O00869,2025-01-12,2025-01,P009,Dermaclear,Dermatology,East,Patna,Rahul Kumar,D053,17,148.29,0.1,2268.84,272.26,0.12
O00870,2025-09-17,2025-09,P007,GastroEase,Gastroenterology,South,Bengaluru,Vikram Patel,D075,27,120.12,0.02,3178.38,413.19,0.13
O00871,2025-08-15,2025-08,P006,NeuroRelief,Neurology,East,Kolkata,Karan Verma,D027,31,209.94,0.0,6508.14,585.73,0.09
O00872,2025-12-02,2025-12,P009,Dermaclear,Dermatology,Central,Raipur,Karan Verma,D045,36,146.8,0.0,5284.8,634.18,0.12
O00873,2025-11-18,2025-11,P006,NeuroRelief,Neurology,East,Kolkata,Rahul Kumar,D009,38,216.74,0.0,8236.12,741.25,0.09
O00874,2025-01-02,2025-01,P008,ImmunoShield,Immunology,East,Patna,Ananya Das,D042,12,269.52,0.0,3234.24,258.74,0.08
O00875,2025-01-07,2025-01,P006,NeuroRelief,Neurology,North,Lucknow,Ananya Das,D061,16,207.07,0.05,3147.46,283.27,0.09
O00876,2025-10-16,2025-10,P011,AntiBio-X,Anti-Infective,Central,Bhopal,Ananya Das,D007,21,83.49,0.02,1718.22,309.28,0.18
O00877,2025-04-17,2025-04,P001,CardioMax 10,Cardiology,West,Ahmedabad,Riya Singh,D006,31,181.81,0.0,5636.11,676.33,0.12
O00878,2025-09-25,2025-09,P006,NeuroRelief,Neurology,East,Bhubaneswar,Rahul Kumar,D059,28,205.87,0.0,5764.36,518.79,0.09
O00879,2025-01-21,2025-01,P004,GlucoCare 1000,Diabetes,South,Chennai,Karan Verma,D052,14,130.85,0.0,1831.9,256.47,0.14
O00880,2025-11-16,2025-11,P005,RespiraPlus,Respiratory,North,Lucknow,Riya Singh,D028,16,152.64,0.0,2442.24,268.65,0.11
O00881,2025-06-24,2025-06,P007,GastroEase,Gastroenterology,Central,Indore,Aarav Sharma,D035,4,123.05,0.0,492.2,63.99,0.13
O00882,2025-01-01,2025-01,P005,RespiraPlus,Respiratory,Central,Nagpur,Rahul Kumar,D033,19,158.37,0.1,2708.13,297.89,0.11
O00883,2025-12-07,2025-12,P004,GlucoCare 1000,Diabetes,West,Mumbai,Rahul Kumar,D043,61,134.55,0.08,7550.95,1057.13,0.14
O00884,2025-10-21,2025-10,P009,Dermaclear,Dermatology,East,Kolkata,Vikram Patel,D060,28,145.67,0.08,3752.46,450.3,0.12
O00885,2025-02-24,2025-02,P007,GastroEase,Gastroenterology,West,Mumbai,Aarav Sharma,D029,51,115.39,0.0,5884.89,765.04,0.13
O00886,2025-04-22,2025-04,P004,GlucoCare 1000,Diabetes,South,Chennai,Priya Nair,D074,26,137.44,0.0,3573.44,500.28,0.14
O00887,2025-03-28,2025-03,P001,CardioMax 10,Cardiology,West,Pune,Aarav Sharma,D069,31,186.24,0.08,5311.56,637.39,0.12
O00888,2025-07-10,2025-07,P007,GastroEase,Gastroenterology,South,Chennai,Neha Gupta,D018,37,124.35,0.08,4232.87,550.27,0.13
O00889,2025-05-12,2025-05,P001,CardioMax 10,Cardiology,West,Mumbai,Rahul Kumar,D038,14,178.78,0.08,2302.69,276.32,0.12
O00890,2025-02-23,2025-02,P001,CardioMax 10,Cardiology,Central,Bhopal,Priya Nair,D020,22,179.83,0.05,3758.45,451.01,0.12
O00891,2025-10-14,2025-10,P012,PainFree XR,Pain Management,South,Bengaluru,Riya Singh,D073,11,75.03,0.0,825.33,165.07,0.2
O00892,2025-06-28,2025-06,P002,CardioMax 20,Cardiology,Central,Indore,Rahul Kumar,D003,13,235.63,0.0,3063.19,306.32,0.1
O00893,2025-01-21,2025-01,P006,NeuroRelief,Neurology,North,Chandigarh,Aarav Sharma,D032,43,204.89,0.0,8810.27,792.92,0.09
O00894,2025-03-13,2025-03,P009,Dermaclear,Dermatology,South,Bengaluru,Aarav Sharma,D002,23,144.52,0.1,2991.56,358.99,0.12
O00895,2025-03-30,2025-03,P004,GlucoCare 1000,Diabetes,South,Hyderabad,Vikram Patel,D051,57,138.84,0.02,7755.6,1085.78,0.14
O00896,2025-08-11,2025-08,P009,Dermaclear,Dermatology,South,Bengaluru,Karan Verma,D045,36,146.52,0.0,5274.72,632.97,0.12
O00897,2025-03-12,2025-03,P007,GastroEase,Gastroenterology,West,Mumbai,Neha Gupta,D011,12,123.08,0.0,1476.96,192.0,0.13
O00898,2025-12-08,2025-12,P004,GlucoCare 1000,Diabetes,North,Lucknow,Priya Nair,D014,15,139.67,0.0,2095.05,293.31,0.14
O00899,2025-12-02,2025-12,P001,CardioMax 10,Cardiology,West,Surat,Karan Verma,D021,51,182.96,0.05,8864.41,1063.73,0.12
O00900,2025-10-28,2025-10,P002,CardioMax 20,Cardiology,South,Bengaluru,Karan Verma,D033,37,249.41,0.0,9228.17,922.82,0.1
O00901,2025-05-16,2025-05,P009,Dermaclear,Dermatology,North,Jaipur,Rahul Kumar,D055,40,145.93,0.0,5837.2,700.46,0.12
O00902,2025-02-02,2025-02,P009,Dermaclear,Dermatology,Central,Nagpur,Priya Nair,D080,24,149.5,0.0,3588.0,430.56,0.12
O00903,2025-06-09,2025-06,P011,AntiBio-X,Anti-Infective,South,Kochi,Neha Gupta,D029,33,88.2,0.05,2765.07,497.71,0.18
O00904,2025-12-11,2025-12,P008,ImmunoShield,Immunology,North,Delhi,Neha Gupta,D041,17,267.2,0.0,4542.4,363.39,0.08
O00905,2025-07-29,2025-07,P007,GastroEase,Gastroenterology,Central,Nagpur,Neha Gupta,D045,41,124.64,0.0,5110.24,664.33,0.13
O00906,2025-05-22,2025-05,P007,GastroEase,Gastroenterology,Central,Indore,Riya Singh,D061,6,116.78,0.0,700.68,91.09,0.13
O00907,2025-09-13,2025-09,P006,NeuroRelief,Neurology,West,Surat,Aarav Sharma,D073,22,201.94,0.05,4220.55,379.85,0.09
O00908,2025-05-03,2025-05,P008,ImmunoShield,Immunology,North,Chandigarh,Aarav Sharma,D012,43,264.84,0.05,10818.71,865.5,0.08
O00909,2025-08-04,2025-08,P005,RespiraPlus,Respiratory,West,Mumbai,Ananya Das,D073,54,157.81,0.0,8521.74,937.39,0.11
O00910,2025-09-23,2025-09,P008,ImmunoShield,Immunology,Central,Nagpur,Riya Singh,D036,46,265.18,0.0,12198.28,975.86,0.08
O00911,2025-05-11,2025-05,P004,GlucoCare 1000,Diabetes,North,Chandigarh,Vikram Patel,D067,35,137.67,0.05,4577.53,640.85,0.14
O00912,2025-11-12,2025-11,P001,CardioMax 10,Cardiology,South,Bengaluru,Riya Singh,D019,32,184.97,0.02,5800.66,696.08,0.12
O00913,2025-07-27,2025-07,P004,GlucoCare 1000,Diabetes,South,Bengaluru,Aarav Sharma,D005,47,133.44,0.05,5958.1,834.13,0.14
O00914,2025-12-05,2025-12,P004,GlucoCare 1000,Diabetes,East,Bhubaneswar,Karan Verma,D009,22,130.38,0.0,2868.36,401.57,0.14
O00915,2025-06-14,2025-06,P006,NeuroRelief,Neurology,North,Jaipur,Riya Singh,D061,23,217.24,0.02,4896.59,440.69,0.09
O00916,2025-10-23,2025-10,P002,CardioMax 20,Cardiology,North,Lucknow,Ananya Das,D048,59,233.85,0.05,13107.29,1310.73,0.1
O00917,2025-11-27,2025-11,P010,BoneStrong D3,Orthopedics,North,Jaipur,Priya Nair,D070,19,112.0,0.02,2085.44,312.82,0.15
O00918,2025-03-13,2025-03,P012,PainFree XR,Pain Management,North,Delhi,Priya Nair,D051,77,73.82,0.05,5399.93,1079.99,0.2
O00919,2025-09-06,2025-09,P004,GlucoCare 1000,Diabetes,South,Bengaluru,Vikram Patel,D038,18,132.43,0.05,2264.55,317.04,0.14
O00920,2025-01-18,2025-01,P004,GlucoCare 1000,Diabetes,Central,Raipur,Vikram Patel,D048,20,136.35,0.05,2590.65,362.69,0.14
O00921,2025-10-15,2025-10,P003,GlucoCare 500,Diabetes,West,Mumbai,Rahul Kumar,D047,19,97.72,0.02,1819.55,291.13,0.16
O00922,2025-10-12,2025-10,P010,BoneStrong D3,Orthopedics,South,Hyderabad,Vikram Patel,D074,49,109.61,0.02,5263.47,789.52,0.15
O00923,2025-11-24,2025-11,P012,PainFree XR,Pain Management,South,Kochi,Vikram Patel,D040,21,77.11,0.0,1619.31,323.86,0.2
O00924,2025-09-10,2025-09,P011,AntiBio-X,Anti-Infective,West,Ahmedabad,Rahul Kumar,D060,32,82.6,0.0,2643.2,475.78,0.18
O00925,2025-11-09,2025-11,P001,CardioMax 10,Cardiology,South,Kochi,Vikram Patel,D024,38,177.38,0.05,6403.42,768.41,0.12
O00926,2025-11-21,2025-11,P012,PainFree XR,Pain Management,North,Lucknow,Ananya Das,D018,25,73.52,0.02,1801.24,360.25,0.2
O00927,2025-12-19,2025-12,P011,AntiBio-X,Anti-Infective,West,Ahmedabad,Vikram Patel,D018,18,86.55,0.0,1557.9,280.42,0.18
O00928,2025-09-02,2025-09,P012,PainFree XR,Pain Management,West,Ahmedabad,Karan Verma,D061,8,76.88,0.0,615.04,123.01,0.2
O00929,2025-06-15,2025-06,P001,CardioMax 10,Cardiology,East,Patna,Rahul Kumar,D062,11,178.72,0.02,1926.6,231.19,0.12
O00930,2025-10-18,2025-10,P003,GlucoCare 500,Diabetes,South,Hyderabad,Riya Singh,D056,36,92.1,0.02,3249.29,519.89,0.16
O00931,2025-06-13,2025-06,P010,BoneStrong D3,Orthopedics,North,Delhi,Vikram Patel,D015,48,106.79,0.02,5023.4,753.51,0.15
O00932,2025-08-22,2025-08,P008,ImmunoShield,Immunology,South,Bengaluru,Karan Verma,D080,30,268.02,0.0,8040.6,643.25,0.08
O00933,2025-05-26,2025-05,P009,Dermaclear,Dermatology,Central,Nagpur,Riya Singh,D008,19,143.01,0.05,2581.33,309.76,0.12
O00934,2025-07-13,2025-07,P002,CardioMax 20,Cardiology,Central,Raipur,Neha Gupta,D022,18,240.95,0.02,4250.36,425.04,0.1
O00935,2025-04-02,2025-04,P006,NeuroRelief,Neurology,East,Patna,Priya Nair,D079,25,208.32,0.0,5208.0,468.72,0.09
O00936,2025-08-29,2025-08,P007,GastroEase,Gastroenterology,East,Patna,Neha Gupta,D045,41,117.67,0.02,4727.98,614.64,0.13
O00937,2025-11-04,2025-11,P001,CardioMax 10,Cardiology,South,Hyderabad,Karan Verma,D055,29,173.44,0.02,4929.16,591.5,0.12
O00938,2025-12-15,2025-12,P009,Dermaclear,Dermatology,North,Chandigarh,Vikram Patel,D047,36,147.08,0.0,5294.88,635.39,0.12
O00939,2025-02-18,2025-02,P010,BoneStrong D3,Orthopedics,South,Hyderabad,Rahul Kumar,D071,48,106.3,0.0,5102.4,765.36,0.15
O00940,2025-02-20,2025-02,P003,GlucoCare 500,Diabetes,South,Bengaluru,Riya Singh,D027,19,93.66,0.05,1690.56,270.49,0.16
O00941,2025-03-20,2025-03,P007,GastroEase,Gastroenterology,South,Hyderabad,Vikram Patel,D077,33,119.76,0.0,3952.08,513.77,0.13
O00942,2025-05-31,2025-05,P006,NeuroRelief,Neurology,East,Kolkata,Aarav Sharma,D049,32,202.93,0.0,6493.76,584.44,0.09
O00943,2025-02-07,2025-02,P002,CardioMax 20,Cardiology,Central,Nagpur,Neha Gupta,D071,38,247.27,0.0,9396.26,939.63,0.1
O00944,2025-08-09,2025-08,P007,GastroEase,Gastroenterology,South,Kochi,Priya Nair,D044,28,121.32,0.1,3057.26,397.44,0.13
O00945,2025-06-07,2025-06,P010,BoneStrong D3,Orthopedics,North,Chandigarh,Vikram Patel,D049,21,112.04,0.05,2235.2,335.28,0.15
O00946,2025-05-07,2025-05,P003,GlucoCare 500,Diabetes,East,Patna,Karan Verma,D008,21,93.46,0.05,1864.53,298.32,0.16
O00947,2025-09-21,2025-09,P009,Dermaclear,Dermatology,West,Pune,Ananya Das,D021,8,140.55,0.0,1124.4,134.93,0.12
O00948,2025-12-02,2025-12,P007,GastroEase,Gastroenterology,South,Bengaluru,Riya Singh,D025,46,120.66,0.08,5106.33,663.82,0.13
O00949,2025-10-31,2025-10,P002,CardioMax 20,Cardiology,West,Surat,Vikram Patel,D027,52,246.59,0.05,12181.55,1218.15,0.1
O00950,2025-08-16,2025-08,P006,NeuroRelief,Neurology,South,Kochi,Vikram Patel,D072,81,209.96,0.08,15646.22,1408.16,0.09
O00951,2025-05-11,2025-05,P010,BoneStrong D3,Orthopedics,South,Bengaluru,Aarav Sharma,D052,22,105.69,0.0,2325.18,348.78,0.15
O00952,2025-05-05,2025-05,P006,NeuroRelief,Neurology,East,Patna,Priya Nair,D063,29,210.56,0.05,5800.93,522.08,0.09
O00953,2025-09-20,2025-09,P010,BoneStrong D3,Orthopedics,Central,Indore,Riya Singh,D015,29,112.69,0.05,3104.61,465.69,0.15
O00954,2025-04-05,2025-04,P008,ImmunoShield,Immunology,North,Lucknow,Karan Verma,D025,35,271.88,0.05,9040.01,723.2,0.08
O00955,2025-05-16,2025-05,P009,Dermaclear,Dermatology,South,Chennai,Neha Gupta,D039,33,150.2,0.0,4956.6,594.79,0.12
O00956,2025-09-08,2025-09,P008,ImmunoShield,Immunology,Central,Bhopal,Riya Singh,D059,31,266.86,0.0,8272.66,661.81,0.08
O00957,2025-10-09,2025-10,P007,GastroEase,Gastroenterology,North,Delhi,Ananya Das,D058,20,118.75,0.02,2327.5,302.58,0.13
O00958,2025-04-03,2025-04,P011,AntiBio-X,Anti-Infective,Central,Bhopal,Neha Gupta,D009,28,84.43,0.02,2316.76,417.02,0.18
O00959,2025-11-22,2025-11,P004,GlucoCare 1000,Diabetes,North,Jaipur,Ananya Das,D077,32,140.14,0.02,4394.79,615.27,0.14
O00960,2025-11-27,2025-11,P003,GlucoCare 500,Diabetes,South,Kochi,Riya Singh,D060,73,94.16,0.1,6186.31,989.81,0.16
O00961,2025-03-13,2025-03,P012,PainFree XR,Pain Management,Central,Nagpur,Riya Singh,D057,9,76.62,0.05,655.1,131.02,0.2
O00962,2025-01-14,2025-01,P006,NeuroRelief,Neurology,North,Chandigarh,Riya Singh,D022,48,211.6,0.05,9648.96,868.41,0.09
O00963,2025-04-22,2025-04,P005,RespiraPlus,Respiratory,South,Bengaluru,Karan Verma,D039,18,148.8,0.0,2678.4,294.62,0.11
O00964,2025-05-03,2025-05,P004,GlucoCare 1000,Diabetes,Central,Nagpur,Riya Singh,D009,50,131.04,0.05,6224.4,871.42,0.14
O00965,2025-11-20,2025-11,P006,NeuroRelief,Neurology,East,Patna,Riya Singh,D080,56,212.43,0.05,11301.28,1017.12,0.09
O00966,2025-05-14,2025-05,P005,RespiraPlus,Respiratory,East,Bhubaneswar,Ananya Das,D063,38,157.14,0.0,5971.32,656.85,0.11
O00967,2025-05-12,2025-05,P008,ImmunoShield,Immunology,North,Chandigarh,Neha Gupta,D074,18,278.91,0.0,5020.38,401.63,0.08
O00968,2025-02-28,2025-02,P002,CardioMax 20,Cardiology,Central,Bhopal,Vikram Patel,D041,45,243.06,0.0,10937.7,1093.77,0.1
O00969,2025-05-14,2025-05,P001,CardioMax 10,Cardiology,Central,Nagpur,Karan Verma,D025,40,172.83,0.0,6913.2,829.58,0.12
O00970,2025-04-03,2025-04,P008,ImmunoShield,Immunology,Central,Raipur,Aarav Sharma,D071,16,266.97,0.0,4271.52,341.72,0.08
O00971,2025-11-02,2025-11,P010,BoneStrong D3,Orthopedics,South,Bengaluru,Ananya Das,D080,15,111.66,0.02,1641.4,246.21,0.15
O00972,2025-03-21,2025-03,P006,NeuroRelief,Neurology,North,Chandigarh,Karan Verma,D033,25,203.73,0.0,5093.25,458.39,0.09
O00973,2025-11-15,2025-11,P007,GastroEase,Gastroenterology,East,Bhubaneswar,Priya Nair,D007,31,120.55,0.0,3737.05,485.82,0.13
O00974,2025-10-31,2025-10,P003,GlucoCare 500,Diabetes,East,Bhubaneswar,Vikram Patel,D012,27,93.09,0.0,2513.43,402.15,0.16
O00975,2025-09-28,2025-09,P003,GlucoCare 500,Diabetes,South,Bengaluru,Riya Singh,D059,32,95.19,0.02,2985.16,477.63,0.16
O00976,2025-07-26,2025-07,P007,GastroEase,Gastroenterology,South,Bengaluru,Rahul Kumar,D032,35,115.25,0.0,4033.75,524.39,0.13
O00977,2025-04-24,2025-04,P002,CardioMax 20,Cardiology,West,Mumbai,Ananya Das,D054,27,243.22,0.0,6566.94,656.69,0.1
O00978,2025-10-18,2025-10,P012,PainFree XR,Pain Management,West,Surat,Neha Gupta,D018,21,73.08,0.0,1534.68,306.94,0.2
O00979,2025-05-15,2025-05,P005,RespiraPlus,Respiratory,East,Ranchi,Ananya Das,D031,15,149.23,0.08,2059.37,226.53,0.11
O00980,2025-07-30,2025-07,P007,GastroEase,Gastroenterology,North,Lucknow,Neha Gupta,D048,27,121.43,0.08,3016.32,392.12,0.13
O00981,2025-11-26,2025-11,P001,CardioMax 10,Cardiology,East,Kolkata,Rahul Kumar,D034,44,185.38,0.1,7341.05,880.93,0.12
O00982,2025-08-19,2025-08,P003,GlucoCare 500,Diabetes,West,Ahmedabad,Rahul Kumar,D076,35,94.52,0.0,3308.2,529.31,0.16
O00983,2025-06-13,2025-06,P005,RespiraPlus,Respiratory,North,Delhi,Rahul Kumar,D012,38,157.46,0.1,5385.13,592.36,0.11
O00984,2025-06-27,2025-06,P007,GastroEase,Gastroenterology,West,Pune,Aarav Sharma,D062,17,116.91,0.0,1987.47,258.37,0.13
O00985,2025-10-02,2025-10,P003,GlucoCare 500,Diabetes,West,Ahmedabad,Vikram Patel,D042,43,97.74,0.05,3992.68,638.83,0.16
O00986,2025-11-19,2025-11,P007,GastroEase,Gastroenterology,South,Hyderabad,Vikram Patel,D058,29,117.18,0.05,3228.31,419.68,0.13
O00987,2025-04-04,2025-04,P005,RespiraPlus,Respiratory,North,Lucknow,Priya Nair,D021,48,158.03,0.02,7433.73,817.71,0.11
O00988,2025-03-10,2025-03,P010,BoneStrong D3,Orthopedics,West,Pune,Rahul Kumar,D004,30,112.83,0.05,3215.66,482.35,0.15
O00989,2025-06-22,2025-06,P007,GastroEase,Gastroenterology,North,Jaipur,Rahul Kumar,D033,39,115.52,0.05,4280.02,556.4,0.13
O00990,2025-11-23,2025-11,P005,RespiraPlus,Respiratory,North,Jaipur,Priya Nair,D043,27,153.12,0.05,3927.53,432.03,0.11
O00991,2025-02-10,2025-02,P006,NeuroRelief,Neurology,East,Patna,Aarav Sharma,D064,42,201.77,0.0,8474.34,762.69,0.09
O00992,2025-08-01,2025-08,P012,PainFree XR,Pain Management,West,Pune,Aarav Sharma,D014,20,75.65,0.05,1437.35,287.47,0.2
O00993,2025-04-09,2025-04,P002,CardioMax 20,Cardiology,East,Bhubaneswar,Karan Verma,D027,22,236.94,0.0,5212.68,521.27,0.1
O00994,2025-03-18,2025-03,P003,GlucoCare 500,Diabetes,North,Chandigarh,Neha Gupta,D049,26,95.72,0.0,2488.72,398.2,0.16
O00995,2025-06-28,2025-06,P006,NeuroRelief,Neurology,Central,Raipur,Karan Verma,D009,7,207.61,0.02,1424.2,128.18,0.09
O00996,2025-08-09,2025-08,P005,RespiraPlus,Respiratory,West,Mumbai,Ananya Das,D042,33,159.35,0.05,4995.62,549.52,0.11
O00997,2025-02-06,2025-02,P007,GastroEase,Gastroenterology,South,Kochi,Ananya Das,D059,32,118.56,0.1,3414.53,443.89,0.13
O00998,2025-08-03,2025-08,P010,BoneStrong D3,Orthopedics,West,Surat,Vikram Patel,D008,62,107.83,0.02,6551.75,982.76,0.15
O00999,2025-04-06,2025-04,P006,NeuroRelief,Neurology,Central,Nagpur,Riya Singh,D040,27,206.79,0.1,5025.0,452.25,0.09
O01000,2025-09-14,2025-09,P006,NeuroRelief,Neurology,North,Chandigarh,Rahul Kumar,D008,27,207.21,0.0,5594.67,503.52,0.09
O01001,2025-09-12,2025-09,P011,AntiBio-X,Anti-Infective,West,Mumbai,Rahul Kumar,D025,10,83.38,0.02,817.12,147.08,0.18
O01002,2025-05-22,2025-05,P001,CardioMax 10,Cardiology,West,Surat,Riya Singh,D007,35,185.93,0.08,5986.95,718.43,0.12
O01003,2025-01-15,2025-01,P003,GlucoCare 500,Diabetes,West,Surat,Aarav Sharma,D016,45,98.05,0.1,3971.02,635.36,0.16
O01004,2025-07-01,2025-07,P011,AntiBio-X,Anti-Infective,West,Mumbai,Ananya Das,D053,46,83.1,0.0,3822.6,688.07,0.18
O01005,2025-01-18,2025-01,P004,GlucoCare 1000,Diabetes,North,Delhi,Priya Nair,D059,4,136.62,0.0,546.48,76.51,0.14
O01006,2025-10-30,2025-10,P012,PainFree XR,Pain Management,South,Bengaluru,Priya Nair,D015,28,72.11,0.05,1918.13,383.63,0.2
O01007,2025-03-17,2025-03,P008,ImmunoShield,Immunology,North,Delhi,Priya Nair,D027,27,273.38,0.0,7381.26,590.5,0.08
O01008,2025-06-10,2025-06,P009,Dermaclear,Dermatology,North,Chandigarh,Neha Gupta,D051,14,147.71,0.0,2067.94,248.15,0.12
O01009,2025-09-30,2025-09,P006,NeuroRelief,Neurology,East,Ranchi,Rahul Kumar,D051,13,213.16,0.05,2632.53,236.93,0.09
O01010,2025-03-10,2025-03,P009,Dermaclear,Dermatology,North,Delhi,Riya Singh,D020,15,146.87,0.05,2092.9,251.15,0.12
O01011,2025-01-26,2025-01,P008,ImmunoShield,Immunology,East,Kolkata,Karan Verma,D004,18,285.31,0.05,4878.8,390.3,0.08
O01012,2025-05-23,2025-05,P001,CardioMax 10,Cardiology,North,Chandigarh,Aarav Sharma,D037,7,179.58,0.08,1156.5,138.78,0.12
O01013,2025-03-17,2025-03,P004,GlucoCare 1000,Diabetes,West,Mumbai,Ananya Das,D030,38,133.22,0.02,4961.11,694.56,0.14
O01014,2025-02-21,2025-02,P007,GastroEase,Gastroenterology,West,Surat,Rahul Kumar,D044,22,120.6,0.1,2387.88,310.42,0.13
O01015,2025-08-22,2025-08,P011,AntiBio-X,Anti-Infective,East,Patna,Rahul Kumar,D053,21,86.25,0.1,1630.12,293.42,0.18
O01016,2025-11-04,2025-11,P007,GastroEase,Gastroenterology,East,Kolkata,Riya Singh,D004,22,118.92,0.0,2616.24,340.11,0.13
O01017,2025-09-12,2025-09,P003,GlucoCare 500,Diabetes,South,Chennai,Rahul Kumar,D070,46,93.82,0.0,4315.72,690.52,0.16
O01018,2025-07-31,2025-07,P002,CardioMax 20,Cardiology,North,Chandigarh,Karan Verma,D073,22,240.73,0.05,5031.26,503.13,0.1
O01019,2025-09-16,2025-09,P003,GlucoCare 500,Diabetes,West,Pune,Neha Gupta,D031,35,98.25,0.0,3438.75,550.2,0.16
O01020,2025-07-12,2025-07,P006,NeuroRelief,Neurology,South,Bengaluru,Karan Verma,D026,62,209.79,0.08,11966.42,1076.98,0.09
O01021,2025-04-15,2025-04,P010,BoneStrong D3,Orthopedics,East,Ranchi,Aarav Sharma,D047,23,110.63,0.0,2544.49,381.67,0.15
O01022,2025-05-27,2025-05,P008,ImmunoShield,Immunology,South,Chennai,Neha Gupta,D026,29,277.3,0.0,8041.7,643.34,0.08
O01023,2025-03-30,2025-03,P007,GastroEase,Gastroenterology,West,Surat,Karan Verma,D022,13,124.59,0.02,1587.28,206.35,0.13
O01024,2025-10-18,2025-10,P003,GlucoCare 500,Diabetes,West,Ahmedabad,Riya Singh,D015,26,95.35,0.0,2479.1,396.66,0.16
O01025,2025-04-08,2025-04,P007,GastroEase,Gastroenterology,South,Bengaluru,Neha Gupta,D012,44,124.42,0.05,5200.76,676.1,0.13
O01026,2025-02-13,2025-02,P002,CardioMax 20,Cardiology,East,Kolkata,Rahul Kumar,D004,10,238.73,0.08,2196.32,219.63,0.1
O01027,2025-10-02,2025-10,P004,GlucoCare 1000,Diabetes,North,Chandigarh,Priya Nair,D078,30,131.52,0.05,3748.32,524.76,0.14
O01028,2025-01-23,2025-01,P003,GlucoCare 500,Diabetes,North,Lucknow,Riya Singh,D010,96,95.0,0.0,9120.0,1459.2,0.16
O01029,2025-01-19,2025-01,P012,PainFree XR,Pain Management,West,Ahmedabad,Rahul Kumar,D020,45,77.29,0.1,3130.25,626.05,0.2
O01030,2025-11-02,2025-11,P004,GlucoCare 1000,Diabetes,East,Bhubaneswar,Ananya Das,D039,20,129.73,0.0,2594.6,363.24,0.14
O01031,2025-03-15,2025-03,P010,BoneStrong D3,Orthopedics,North,Chandigarh,Vikram Patel,D072,12,113.77,0.02,1337.94,200.69,0.15
O01032,2025-09-23,2025-09,P006,NeuroRelief,Neurology,West,Mumbai,Aarav Sharma,D037,16,213.65,0.02,3350.03,301.5,0.09
O01033,2025-02-17,2025-02,P010,BoneStrong D3,Orthopedics,South,Hyderabad,Priya Nair,D033,40,113.53,0.0,4541.2,681.18,0.15
O01034,2025-10-19,2025-10,P005,RespiraPlus,Respiratory,South,Chennai,Vikram Patel,D030,36,153.21,0.0,5515.56,606.71,0.11
O01035,2025-07-07,2025-07,P011,AntiBio-X,Anti-Infective,South,Kochi,Riya Singh,D072,41,88.28,0.0,3619.48,651.51,0.18
O01036,2025-10-11,2025-10,P011,AntiBio-X,Anti-Infective,South,Kochi,Rahul Kumar,D035,11,85.03,0.02,916.62,164.99,0.18
O01037,2025-11-04,2025-11,P005,RespiraPlus,Respiratory,West,Ahmedabad,Aarav Sharma,D047,9,151.24,0.05,1293.1,142.24,0.11
O01038,2025-11-30,2025-11,P006,NeuroRelief,Neurology,West,Pune,Karan Verma,D036,60,203.51,0.05,11600.07,1044.01,0.09
O01039,2025-06-07,2025-06,P009,Dermaclear,Dermatology,East,Ranchi,Riya Singh,D022,16,142.23,0.0,2275.68,273.08,0.12
O01040,2025-02-16,2025-02,P007,GastroEase,Gastroenterology,South,Hyderabad,Ananya Das,D012,68,117.87,0.0,8015.16,1041.97,0.13
O01041,2025-09-27,2025-09,P010,BoneStrong D3,Orthopedics,South,Chennai,Neha Gupta,D026,34,109.58,0.0,3725.72,558.86,0.15
O01042,2025-10-06,2025-10,P003,GlucoCare 500,Diabetes,East,Patna,Rahul Kumar,D058,29,92.24,0.0,2674.96,427.99,0.16
O01043,2025-04-21,2025-04,P010,BoneStrong D3,Orthopedics,East,Kolkata,Rahul Kumar,D044,15,114.33,0.02,1680.65,252.1,0.15
O01044,2025-04-20,2025-04,P004,GlucoCare 1000,Diabetes,West,Pune,Ananya Das,D005,15,130.54,0.05,1860.2,260.43,0.14
O01045,2025-03-19,2025-03,P001,CardioMax 10,Cardiology,South,Bengaluru,Neha Gupta,D020,30,181.11,0.0,5433.3,652.0,0.12
O01046,2025-01-24,2025-01,P008,ImmunoShield,Immunology,Central,Raipur,Vikram Patel,D054,19,282.52,0.02,5260.52,420.84,0.08
O01047,2025-11-05,2025-11,P012,PainFree XR,Pain Management,South,Kochi,Karan Verma,D038,16,72.25,0.08,1063.52,212.7,0.2
O01048,2025-11-29,2025-11,P005,RespiraPlus,Respiratory,East,Kolkata,Aarav Sharma,D013,18,157.88,0.0,2841.84,312.6,0.11
O01049,2025-01-19,2025-01,P009,Dermaclear,Dermatology,East,Ranchi,Rahul Kumar,D010,31,139.54,0.02,4239.23,508.71,0.12
O01050,2025-09-22,2025-09,P008,ImmunoShield,Immunology,Central,Nagpur,Rahul Kumar,D019,13,282.38,0.0,3670.94,293.68,0.08
O01051,2025-02-15,2025-02,P011,AntiBio-X,Anti-Infective,East,Bhubaneswar,Rahul Kumar,D063,26,86.3,0.02,2198.92,395.81,0.18
O01052,2025-11-29,2025-11,P002,CardioMax 20,Cardiology,South,Bengaluru,Vikram Patel,D075,14,233.66,0.08,3009.54,300.95,0.1
O01053,2025-11-30,2025-11,P010,BoneStrong D3,Orthopedics,East,Kolkata,Aarav Sharma,D062,26,105.66,0.0,2747.16,412.07,0.15
O01054,2025-04-18,2025-04,P004,GlucoCare 1000,Diabetes,South,Kochi,Priya Nair,D068,14,136.06,0.0,1904.84,266.68,0.14
O01055,2025-07-10,2025-07,P001,CardioMax 10,Cardiology,South,Hyderabad,Rahul Kumar,D055,24,177.67,0.0,4264.08,511.69,0.12
O01056,2025-03-25,2025-03,P011,AntiBio-X,Anti-Infective,South,Chennai,Ananya Das,D029,45,86.88,0.05,3714.12,668.54,0.18
O01057,2025-09-27,2025-09,P008,ImmunoShield,Immunology,West,Pune,Vikram Patel,D061,77,276.56,0.0,21295.12,1703.61,0.08
O01058,2025-08-28,2025-08,P011,AntiBio-X,Anti-Infective,West,Mumbai,Aarav Sharma,D016,69,87.36,0.02,5907.28,1063.31,0.18
O01059,2025-05-06,2025-05,P012,PainFree XR,Pain Management,Central,Bhopal,Neha Gupta,D006,22,75.86,0.05,1585.47,317.09,0.2
O01060,2025-02-09,2025-02,P008,ImmunoShield,Immunology,North,Lucknow,Aarav Sharma,D034,23,268.73,0.0,6180.79,494.46,0.08
O01061,2025-05-13,2025-05,P012,PainFree XR,Pain Management,Central,Indore,Neha Gupta,D080,15,76.57,0.0,1148.55,229.71,0.2
O01062,2025-06-15,2025-06,P004,GlucoCare 1000,Diabetes,South,Chennai,Riya Singh,D005,20,136.49,0.0,2729.8,382.17,0.14
O01063,2025-04-17,2025-04,P009,Dermaclear,Dermatology,North,Delhi,Rahul Kumar,D009,14,139.97,0.02,1920.39,230.45,0.12
O01064,2025-03-09,2025-03,P001,CardioMax 10,Cardiology,East,Bhubaneswar,Ananya Das,D020,30,178.16,0.05,5077.56,609.31,0.12
O01065,2025-06-22,2025-06,P009,Dermaclear,Dermatology,West,Surat,Priya Nair,D074,18,147.28,0.0,2651.04,318.12,0.12
O01066,2025-03-19,2025-03,P002,CardioMax 20,Cardiology,West,Mumbai,Aarav Sharma,D035,19,236.08,0.02,4395.81,439.58,0.1
O01067,2025-11-28,2025-11,P001,CardioMax 10,Cardiology,Central,Raipur,Rahul Kumar,D052,15,180.37,0.08,2489.11,298.69,0.12
O01068,2025-03-02,2025-03,P002,CardioMax 20,Cardiology,West,Pune,Aarav Sharma,D020,76,245.19,0.0,18634.44,1863.44,0.1
O01069,2025-01-06,2025-01,P003,GlucoCare 500,Diabetes,West,Ahmedabad,Riya Singh,D051,22,95.25,0.0,2095.5,335.28,0.16
O01070,2025-02-11,2025-02,P002,CardioMax 20,Cardiology,Central,Raipur,Priya Nair,D038,13,235.09,0.0,3056.17,305.62,0.1
O01071,2025-01-19,2025-01,P004,GlucoCare 1000,Diabetes,West,Pune,Rahul Kumar,D050,25,137.55,0.05,3266.81,457.35,0.14
O01072,2025-01-10,2025-01,P008,ImmunoShield,Immunology,Central,Bhopal,Ananya Das,D018,19,276.57,0.0,5254.83,420.39,0.08
O01073,2025-12-22,2025-12,P008,ImmunoShield,Immunology,Central,Indore,Priya Nair,D055,8,285.94,0.05,2173.14,173.85,0.08
O01074,2025-05-23,2025-05,P002,CardioMax 20,Cardiology,Central,Raipur,Ananya Das,D023,15,245.28,0.08,3384.86,338.49,0.1
O01075,2025-03-21,2025-03,P007,GastroEase,Gastroenterology,East,Bhubaneswar,Riya Singh,D013,16,123.43,0.0,1974.88,256.73,0.13
O01076,2025-07-28,2025-07,P005,RespiraPlus,Respiratory,West,Ahmedabad,Ananya Das,D064,39,160.37,0.0,6254.43,687.99,0.11
O01077,2025-05-21,2025-05,P002,CardioMax 20,Cardiology,South,Hyderabad,Aarav Sharma,D047,43,238.06,0.0,10236.58,1023.66,0.1
O01078,2025-01-05,2025-01,P003,GlucoCare 500,Diabetes,West,Mumbai,Priya Nair,D018,34,94.63,0.0,3217.42,514.79,0.16
O01079,2025-02-26,2025-02,P007,GastroEase,Gastroenterology,North,Jaipur,Neha Gupta,D034,17,118.31,0.05,1910.71,248.39,0.13
O01080,2025-10-25,2025-10,P002,CardioMax 20,Cardiology,North,Lucknow,Aarav Sharma,D065,23,245.81,0.05,5370.95,537.1,0.1
O01081,2025-04-22,2025-04,P008,ImmunoShield,Immunology,South,Chennai,Neha Gupta,D019,3,269.51,0.02,792.36,63.39,0.08
O01082,2025-09-10,2025-09,P001,CardioMax 10,Cardiology,East,Patna,Rahul Kumar,D032,29,183.02,0.05,5042.2,605.06,0.12
O01083,2025-07-28,2025-07,P005,RespiraPlus,Respiratory,South,Kochi,Vikram Patel,D046,27,155.65,0.05,3992.42,439.17,0.11
O01084,2025-06-03,2025-06,P011,AntiBio-X,Anti-Infective,East,Bhubaneswar,Priya Nair,D060,66,85.9,0.0,5669.4,1020.49,0.18
O01085,2025-04-05,2025-04,P005,RespiraPlus,Respiratory,East,Kolkata,Riya Singh,D066,35,156.67,0.0,5483.45,603.18,0.11
O01086,2025-10-03,2025-10,P012,PainFree XR,Pain Management,East,Patna,Rahul Kumar,D042,16,72.65,0.02,1139.15,227.83,0.2
O01087,2025-10-02,2025-10,P001,CardioMax 10,Cardiology,South,Kochi,Karan Verma,D042,16,176.7,0.0,2827.2,339.26,0.12
O01088,2025-11-05,2025-11,P005,RespiraPlus,Respiratory,South,Kochi,Neha Gupta,D062,26,158.69,0.0,4125.94,453.85,0.11
O01089,2025-05-16,2025-05,P003,GlucoCare 500,Diabetes,North,Delhi,Aarav Sharma,D031,22,96.31,0.0,2118.82,339.01,0.16
O01090,2025-05-17,2025-05,P003,GlucoCare 500,Diabetes,West,Mumbai,Rahul Kumar,D041,43,95.75,0.0,4117.25,658.76,0.16
O01091,2025-04-22,2025-04,P001,CardioMax 10,Cardiology,East,Kolkata,Ananya Das,D067,53,181.2,0.05,9123.42,1094.81,0.12
O01092,2025-11-21,2025-11,P001,CardioMax 10,Cardiology,East,Kolkata,Priya Nair,D051,36,174.14,0.0,6269.04,752.28,0.12
O01093,2025-12-21,2025-12,P008,ImmunoShield,Immunology,South,Kochi,Ananya Das,D019,30,273.86,0.02,8051.48,644.12,0.08
O01094,2025-08-07,2025-08,P010,BoneStrong D3,Orthopedics,West,Ahmedabad,Karan Verma,D028,23,106.71,0.0,2454.33,368.15,0.15
O01095,2025-08-24,2025-08,P006,NeuroRelief,Neurology,South,Hyderabad,Vikram Patel,D028,36,209.82,0.08,6949.24,625.43,0.09
O01096,2025-04-20,2025-04,P009,Dermaclear,Dermatology,South,Hyderabad,Priya Nair,D060,13,143.0,0.05,1766.05,211.93,0.12
O01097,2025-07-31,2025-07,P011,AntiBio-X,Anti-Infective,South,Bengaluru,Priya Nair,D015,41,82.81,0.0,3395.21,611.14,0.18
O01098,2025-05-08,2025-05,P005,RespiraPlus,Respiratory,West,Mumbai,Priya Nair,D014,43,149.75,0.0,6439.25,708.32,0.11
O01099,2025-02-25,2025-02,P004,GlucoCare 1000,Diabetes,South,Kochi,Priya Nair,D017,15,134.11,0.0,2011.65,281.63,0.14
O01100,2025-02-07,2025-02,P009,Dermaclear,Dermatology,West,Surat,Riya Singh,D036,54,148.42,0.05,7613.95,913.67,0.12
O01101,2025-06-23,2025-06,P001,CardioMax 10,Cardiology,East,Kolkata,Priya Nair,D079,49,173.06,0.05,8055.94,966.71,0.12
O01102,2025-03-08,2025-03,P004,GlucoCare 1000,Diabetes,Central,Bhopal,Neha Gupta,D033,40,131.1,0.05,4981.8,697.45,0.14
O01103,2025-10-09,2025-10,P006,NeuroRelief,Neurology,East,Kolkata,Vikram Patel,D068,23,213.5,0.0,4910.5,441.94,0.09
O01104,2025-10-25,2025-10,P005,RespiraPlus,Respiratory,East,Patna,Priya Nair,D063,46,159.77,0.0,7349.42,808.44,0.11
O01105,2025-11-18,2025-11,P003,GlucoCare 500,Diabetes,Central,Nagpur,Ananya Das,D080,10,93.77,0.0,937.7,150.03,0.16
O01106,2025-07-26,2025-07,P001,CardioMax 10,Cardiology,West,Ahmedabad,Karan Verma,D029,25,181.3,0.0,4532.5,543.9,0.12
O01107,2025-03-11,2025-03,P004,GlucoCare 1000,Diabetes,East,Ranchi,Rahul Kumar,D059,13,130.23,0.05,1608.34,225.17,0.14
O01108,2025-06-20,2025-06,P001,CardioMax 10,Cardiology,East,Kolkata,Rahul Kumar,D016,44,177.06,0.05,7401.11,888.13,0.12
O01109,2025-02-22,2025-02,P012,PainFree XR,Pain Management,West,Ahmedabad,Neha Gupta,D022,8,75.12,0.05,570.91,114.18,0.2
O01110,2025-07-30,2025-07,P005,RespiraPlus,Respiratory,East,Ranchi,Priya Nair,D060,91,156.01,0.05,13487.06,1483.58,0.11
O01111,2025-06-25,2025-06,P010,BoneStrong D3,Orthopedics,West,Ahmedabad,Priya Nair,D077,40,110.56,0.02,4333.95,650.09,0.15
O01112,2025-04-20,2025-04,P004,GlucoCare 1000,Diabetes,Central,Nagpur,Aarav Sharma,D027,17,136.78,0.05,2209.0,309.26,0.14
O01113,2025-08-30,2025-08,P005,RespiraPlus,Respiratory,East,Bhubaneswar,Rahul Kumar,D057,25,148.9,0.0,3722.5,409.48,0.11
O01114,2025-01-04,2025-01,P003,GlucoCare 500,Diabetes,East,Bhubaneswar,Karan Verma,D003,7,92.97,0.0,650.79,104.13,0.16
O01115,2025-12-22,2025-12,P006,NeuroRelief,Neurology,North,Lucknow,Aarav Sharma,D054,36,203.45,0.05,6957.99,626.22,0.09
O01116,2025-01-29,2025-01,P003,GlucoCare 500,Diabetes,Central,Indore,Priya Nair,D006,33,94.25,0.02,3048.04,487.69,0.16
O01117,2025-01-25,2025-01,P011,AntiBio-X,Anti-Infective,West,Mumbai,Neha Gupta,D058,31,87.89,0.0,2724.59,490.43,0.18
O01118,2025-02-26,2025-02,P006,NeuroRelief,Neurology,West,Mumbai,Priya Nair,D045,67,209.27,0.0,14021.09,1261.9,0.09
O01119,2025-01-06,2025-01,P007,GastroEase,Gastroenterology,North,Jaipur,Neha Gupta,D013,38,122.07,0.1,4174.79,542.72,0.13
O01120,2025-06-30,2025-06,P009,Dermaclear,Dermatology,North,Lucknow,Priya Nair,D040,21,147.01,0.0,3087.21,370.47,0.12
O01121,2025-01-31,2025-01,P001,CardioMax 10,Cardiology,Central,Bhopal,Vikram Patel,D021,7,179.39,0.0,1255.73,150.69,0.12
O01122,2025-01-09,2025-01,P004,GlucoCare 1000,Diabetes,West,Mumbai,Rahul Kumar,D023,53,133.01,0.0,7049.53,986.93,0.14
O01123,2025-04-17,2025-04,P007,GastroEase,Gastroenterology,West,Ahmedabad,Aarav Sharma,D009,18,121.64,0.05,2080.04,270.41,0.13
O01124,2025-09-23,2025-09,P003,GlucoCare 500,Diabetes,North,Jaipur,Vikram Patel,D071,29,96.6,0.0,2801.4,448.22,0.16
O01125,2025-10-28,2025-10,P011,AntiBio-X,Anti-Infective,North,Jaipur,Rahul Kumar,D049,3,88.1,0.0,264.3,47.57,0.18
O01126,2025-06-17,2025-06,P002,CardioMax 20,Cardiology,East,Bhubaneswar,Priya Nair,D012,32,231.16,0.0,7397.12,739.71,0.1
O01127,2025-12-23,2025-12,P011,AntiBio-X,Anti-Infective,North,Delhi,Priya Nair,D061,28,86.5,0.02,2373.56,427.24,0.18
O01128,2025-04-26,2025-04,P012,PainFree XR,Pain Management,South,Hyderabad,Vikram Patel,D064,21,72.57,0.08,1402.05,280.41,0.2
O01129,2025-12-23,2025-12,P002,CardioMax 20,Cardiology,South,Hyderabad,Riya Singh,D052,33,238.43,0.05,7474.78,747.48,0.1
O01130,2025-03-16,2025-03,P009,Dermaclear,Dermatology,West,Ahmedabad,Priya Nair,D067,48,143.77,0.0,6900.96,828.12,0.12
O01131,2025-03-27,2025-03,P012,PainFree XR,Pain Management,East,Ranchi,Karan Verma,D047,16,73.86,0.0,1181.76,236.35,0.2
O01132,2025-03-07,2025-03,P001,CardioMax 10,Cardiology,South,Chennai,Neha Gupta,D005,35,176.38,0.02,6049.83,725.98,0.12
O01133,2025-12-16,2025-12,P012,PainFree XR,Pain Management,South,Chennai,Aarav Sharma,D026,33,76.95,0.02,2488.56,497.71,0.2
O01134,2025-04-24,2025-04,P007,GastroEase,Gastroenterology,Central,Indore,Aarav Sharma,D044,8,115.69,0.05,879.24,114.3,0.13
O01135,2025-07-05,2025-07,P006,NeuroRelief,Neurology,Central,Nagpur,Aarav Sharma,D043,11,215.11,0.08,2176.91,195.92,0.09
O01136,2025-03-29,2025-03,P004,GlucoCare 1000,Diabetes,East,Bhubaneswar,Priya Nair,D040,16,137.24,0.05,2086.05,292.05,0.14
O01137,2025-08-03,2025-08,P010,BoneStrong D3,Orthopedics,South,Bengaluru,Ananya Das,D010,71,105.77,0.0,7509.67,1126.45,0.15
O01138,2025-10-22,2025-10,P006,NeuroRelief,Neurology,West,Pune,Vikram Patel,D061,51,204.16,0.0,10412.16,937.09,0.09
O01139,2025-01-08,2025-01,P008,ImmunoShield,Immunology,West,Mumbai,Neha Gupta,D027,23,279.13,0.08,5906.39,472.51,0.08
O01140,2025-10-09,2025-10,P007,GastroEase,Gastroenterology,West,Surat,Rahul Kumar,D047,46,122.91,0.02,5540.78,720.3,0.13
O01141,2025-06-25,2025-06,P011,AntiBio-X,Anti-Infective,Central,Raipur,Rahul Kumar,D019,21,83.61,0.05,1668.02,300.24,0.18
O01142,2025-02-14,2025-02,P003,GlucoCare 500,Diabetes,South,Bengaluru,Karan Verma,D038,28,95.01,0.02,2607.07,417.13,0.16
O01143,2025-07-21,2025-07,P007,GastroEase,Gastroenterology,North,Jaipur,Riya Singh,D021,23,124.68,0.05,2724.26,354.15,0.13
O01144,2025-08-09,2025-08,P007,GastroEase,Gastroenterology,North,Delhi,Priya Nair,D076,17,124.27,0.02,2070.34,269.14,0.13
O01145,2025-09-09,2025-09,P003,GlucoCare 500,Diabetes,Central,Indore,Ananya Das,D021,15,93.93,0.08,1296.23,207.4,0.16
O01146,2025-08-04,2025-08,P010,BoneStrong D3,Orthopedics,South,Bengaluru,Neha Gupta,D033,47,109.01,0.05,4867.3,730.1,0.15
O01147,2025-10-09,2025-10,P004,GlucoCare 1000,Diabetes,South,Kochi,Riya Singh,D047,41,134.75,0.02,5414.26,758.0,0.14
O01148,2025-04-05,2025-04,P001,CardioMax 10,Cardiology,East,Ranchi,Aarav Sharma,D014,26,177.09,0.0,4604.34,552.52,0.12
O01149,2025-03-31,2025-03,P003,GlucoCare 500,Diabetes,South,Chennai,Karan Verma,D013,54,92.77,0.05,4759.1,761.46,0.16
O01150,2025-06-28,2025-06,P004,GlucoCare 1000,Diabetes,South,Hyderabad,Karan Verma,D001,39,138.24,0.05,5121.79,717.05,0.14
O01151,2025-05-22,2025-05,P012,PainFree XR,Pain Management,North,Delhi,Ananya Das,D010,37,73.31,0.0,2712.47,542.49,0.2
O01152,2025-08-18,2025-08,P010,BoneStrong D3,Orthopedics,South,Bengaluru,Riya Singh,D006,19,112.38,0.05,2028.46,304.27,0.15
O01153,2025-10-12,2025-10,P005,RespiraPlus,Respiratory,East,Ranchi,Ananya Das,D069,14,151.34,0.05,2012.82,221.41,0.11
O01154,2025-09-19,2025-09,P004,GlucoCare 1000,Diabetes,North,Lucknow,Karan Verma,D003,21,137.45,0.0,2886.45,404.1,0.14
O01155,2025-06-20,2025-06,P003,GlucoCare 500,Diabetes,North,Jaipur,Vikram Patel,D072,42,95.13,0.02,3915.55,626.49,0.16
O01156,2025-09-02,2025-09,P010,BoneStrong D3,Orthopedics,South,Kochi,Ananya Das,D078,26,112.36,0.02,2862.93,429.44,0.15
O01157,2025-07-15,2025-07,P003,GlucoCare 500,Diabetes,Central,Indore,Ananya Das,D001,29,98.34,0.05,2709.27,433.48,0.16
O01158,2025-02-28,2025-02,P012,PainFree XR,Pain Management,North,Chandigarh,Aarav Sharma,D015,24,77.92,0.05,1776.58,355.32,0.2
O01159,2025-12-21,2025-12,P001,CardioMax 10,Cardiology,East,Patna,Riya Singh,D057,27,180.48,0.05,4629.31,555.52,0.12
O01160,2025-07-29,2025-07,P007,GastroEase,Gastroenterology,East,Ranchi,Rahul Kumar,D037,48,122.58,0.02,5766.16,749.6,0.13
O01161,2025-01-27,2025-01,P001,CardioMax 10,Cardiology,North,Delhi,Aarav Sharma,D009,17,173.35,0.02,2888.01,346.56,0.12
O01162,2025-09-22,2025-09,P006,NeuroRelief,Neurology,East,Ranchi,Aarav Sharma,D005,33,203.8,0.0,6725.4,605.29,0.09
O01163,2025-08-05,2025-08,P010,BoneStrong D3,Orthopedics,East,Patna,Vikram Patel,D007,21,110.3,0.1,2084.67,312.7,0.15
O01164,2025-05-22,2025-05,P011,AntiBio-X,Anti-Infective,North,Lucknow,Riya Singh,D037,40,84.0,0.0,3360.0,604.8,0.18
O01165,2025-04-06,2025-04,P005,RespiraPlus,Respiratory,West,Pune,Ananya Das,D016,9,151.89,0.0,1367.01,150.37,0.11
O01166,2025-10-11,2025-10,P010,BoneStrong D3,Orthopedics,North,Jaipur,Rahul Kumar,D013,53,112.02,0.0,5937.06,890.56,0.15
O01167,2025-02-01,2025-02,P010,BoneStrong D3,Orthopedics,Central,Indore,Neha Gupta,D063,20,110.8,0.0,2216.0,332.4,0.15
O01168,2025-08-08,2025-08,P006,NeuroRelief,Neurology,West,Pune,Rahul Kumar,D012,18,209.69,0.08,3472.47,312.52,0.09
O01169,2025-05-10,2025-05,P007,GastroEase,Gastroenterology,East,Bhubaneswar,Rahul Kumar,D033,33,118.42,0.05,3712.47,482.62,0.13
O01170,2025-08-19,2025-08,P008,ImmunoShield,Immunology,Central,Nagpur,Neha Gupta,D058,7,265.96,0.02,1824.49,145.96,0.08
O01171,2025-10-08,2025-10,P011,AntiBio-X,Anti-Infective,South,Bengaluru,Priya Nair,D066,31,85.43,0.05,2515.91,452.86,0.18
O01172,2025-08-02,2025-08,P008,ImmunoShield,Immunology,Central,Nagpur,Priya Nair,D013,24,279.78,0.0,6714.72,537.18,0.08
O01173,2025-11-30,2025-11,P011,AntiBio-X,Anti-Infective,Central,Raipur,Riya Singh,D080,24,85.5,0.1,1846.8,332.42,0.18
O01174,2025-10-09,2025-10,P004,GlucoCare 1000,Diabetes,West,Mumbai,Vikram Patel,D078,33,138.73,0.0,4578.09,640.93,0.14
O01175,2025-11-06,2025-11,P004,GlucoCare 1000,Diabetes,West,Surat,Priya Nair,D023,15,136.15,0.0,2042.25,285.91,0.14
O01176,2025-09-06,2025-09,P006,NeuroRelief,Neurology,North,Lucknow,Aarav Sharma,D015,9,211.92,0.05,1811.92,163.07,0.09
O01177,2025-07-05,2025-07,P012,PainFree XR,Pain Management,South,Chennai,Vikram Patel,D001,22,76.94,0.08,1557.27,311.45,0.2
O01178,2025-06-10,2025-06,P002,CardioMax 20,Cardiology,Central,Nagpur,Neha Gupta,D079,29,243.4,0.05,6705.67,670.57,0.1
O01179,2025-12-15,2025-12,P008,ImmunoShield,Immunology,North,Lucknow,Rahul Kumar,D020,50,269.94,0.0,13497.0,1079.76,0.08
O01180,2025-10-11,2025-10,P009,Dermaclear,Dermatology,East,Patna,Ananya Das,D026,5,142.89,0.0,714.45,85.73,0.12
O01181,2025-07-21,2025-07,P005,RespiraPlus,Respiratory,West,Mumbai,Neha Gupta,D049,38,148.8,0.08,5202.05,572.23,0.11
O01182,2025-01-28,2025-01,P002,CardioMax 20,Cardiology,East,Patna,Riya Singh,D061,12,248.3,0.05,2830.62,283.06,0.1
O01183,2025-04-15,2025-04,P004,GlucoCare 1000,Diabetes,South,Chennai,Karan Verma,D034,14,136.45,0.1,1719.27,240.7,0.14
O01184,2025-10-07,2025-10,P012,PainFree XR,Pain Management,East,Bhubaneswar,Vikram Patel,D017,25,72.2,0.0,1805.0,361.0,0.2
O01185,2025-06-23,2025-06,P003,GlucoCare 500,Diabetes,North,Jaipur,Aarav Sharma,D042,46,97.55,0.08,4128.32,660.53,0.16
O01186,2025-01-14,2025-01,P002,CardioMax 20,Cardiology,Central,Bhopal,Rahul Kumar,D061,16,242.06,0.0,3872.96,387.3,0.1
O01187,2025-05-03,2025-05,P009,Dermaclear,Dermatology,Central,Indore,Aarav Sharma,D044,10,147.36,0.05,1399.92,167.99,0.12
O01188,2025-10-29,2025-10,P011,AntiBio-X,Anti-Infective,South,Hyderabad,Karan Verma,D056,24,81.79,0.0,1962.96,353.33,0.18
O01189,2025-01-08,2025-01,P007,GastroEase,Gastroenterology,East,Bhubaneswar,Karan Verma,D016,20,121.48,0.08,2235.23,290.58,0.13
O01190,2025-08-29,2025-08,P002,CardioMax 20,Cardiology,Central,Bhopal,Priya Nair,D026,32,232.31,0.02,7285.24,728.52,0.1
O01191,2025-07-08,2025-07,P001,CardioMax 10,Cardiology,Central,Nagpur,Ananya Das,D072,19,178.1,0.0,3383.9,406.07,0.12
O01192,2025-02-08,2025-02,P004,GlucoCare 1000,Diabetes,West,Mumbai,Priya Nair,D077,47,134.75,0.02,6206.58,868.92,0.14
O01193,2025-04-19,2025-04,P006,NeuroRelief,Neurology,North,Jaipur,Karan Verma,D017,26,203.64,0.05,5029.91,452.69,0.09
O01194,2025-11-02,2025-11,P006,NeuroRelief,Neurology,South,Kochi,Rahul Kumar,D020,47,212.28,0.05,9478.3,853.05,0.09
O01195,2025-01-14,2025-01,P003,GlucoCare 500,Diabetes,South,Hyderabad,Vikram Patel,D034,29,98.64,0.0,2860.56,457.69,0.16
O01196,2025-08-22,2025-08,P012,PainFree XR,Pain Management,North,Chandigarh,Priya Nair,D015,21,72.38,0.05,1443.98,288.8,0.2
O01197,2025-07-27,2025-07,P004,GlucoCare 1000,Diabetes,South,Kochi,Neha Gupta,D073,58,134.1,0.1,7000.02,980.0,0.14
O01198,2025-09-30,2025-09,P004,GlucoCare 1000,Diabetes,South,Bengaluru,Riya Singh,D023,32,132.0,0.05,4012.8,561.79,0.14
O01199,2025-01-23,2025-01,P003,GlucoCare 500,Diabetes,East,Bhubaneswar,Aarav Sharma,D046,24,96.55,0.0,2317.2,370.75,0.16
O01200,2025-05-01,2025-05,P007,GastroEase,Gastroenterology,North,Delhi,Riya Singh,D070,46,116.6,0.08,4934.51,641.49,0.13
O01201,2025-07-13,2025-07,P006,NeuroRelief,Neurology,West,Mumbai,Neha Gupta,D064,41,201.84,0.0,8275.44,744.79,0.09
O01202,2025-12-10,2025-12,P008,ImmunoShield,Immunology,West,Ahmedabad,Priya Nair,D007,14,284.34,0.02,3901.14,312.09,0.08
O01203,2025-06-21,2025-06,P004,GlucoCare 1000,Diabetes,South,Chennai,Priya Nair,D060,28,134.94,0.02,3702.75,518.39,0.14
O01204,2025-08-04,2025-08,P005,RespiraPlus,Respiratory,West,Surat,Neha Gupta,D016,54,154.45,0.0,8340.3,917.43,0.11
O01205,2025-05-20,2025-05,P006,NeuroRelief,Neurology,South,Hyderabad,Priya Nair,D049,9,210.32,0.02,1855.02,166.95,0.09
O01206,2025-08-31,2025-08,P006,NeuroRelief,Neurology,South,Chennai,Vikram Patel,D051,17,208.78,0.05,3371.8,303.46,0.09
O01207,2025-04-14,2025-04,P002,CardioMax 20,Cardiology,South,Hyderabad,Priya Nair,D039,10,233.23,0.0,2332.3,233.23,0.1
O01208,2025-02-16,2025-02,P009,Dermaclear,Dermatology,Central,Bhopal,Rahul Kumar,D018,25,147.09,0.02,3603.7,432.44,0.12
O01209,2025-10-31,2025-10,P004,GlucoCare 1000,Diabetes,East,Kolkata,Rahul Kumar,D027,16,132.9,0.0,2126.4,297.7,0.14
O01210,2025-12-28,2025-12,P004,GlucoCare 1000,Diabetes,South,Bengaluru,Priya Nair,D011,19,134.76,0.05,2432.42,340.54,0.14
O01211,2025-02-18,2025-02,P008,ImmunoShield,Immunology,South,Hyderabad,Riya Singh,D077,13,270.22,0.0,3512.86,281.03,0.08
O01212,2025-12-23,2025-12,P008,ImmunoShield,Immunology,Central,Indore,Rahul Kumar,D029,22,277.36,0.05,5796.82,463.75,0.08
O01213,2025-11-17,2025-11,P004,GlucoCare 1000,Diabetes,South,Bengaluru,Rahul Kumar,D072,28,137.95,0.02,3785.35,529.95,0.14
O01214,2025-05-26,2025-05,P009,Dermaclear,Dermatology,South,Hyderabad,Vikram Patel,D044,50,143.1,0.02,7011.9,841.43,0.12
O01215,2025-05-27,2025-05,P009,Dermaclear,Dermatology,South,Kochi,Riya Singh,D037,26,149.9,0.05,3702.53,444.3,0.12
O01216,2025-01-09,2025-01,P008,ImmunoShield,Immunology,North,Jaipur,Ananya Das,D075,35,270.69,0.0,9474.15,757.93,0.08
O01217,2025-01-16,2025-01,P001,CardioMax 10,Cardiology,West,Ahmedabad,Ananya Das,D020,30,179.3,0.0,5379.0,645.48,0.12
O01218,2025-08-08,2025-08,P003,GlucoCare 500,Diabetes,East,Kolkata,Riya Singh,D005,17,95.64,0.0,1625.88,260.14,0.16
O01219,2025-11-01,2025-11,P001,CardioMax 10,Cardiology,West,Pune,Neha Gupta,D058,42,174.36,0.0,7323.12,878.77,0.12
O01220,2025-11-21,2025-11,P004,GlucoCare 1000,Diabetes,North,Jaipur,Ananya Das,D054,24,139.14,0.05,3172.39,444.13,0.14
O01221,2025-09-25,2025-09,P005,RespiraPlus,Respiratory,South,Hyderabad,Vikram Patel,D036,14,158.8,0.05,2112.04,232.32,0.11
O01222,2025-10-13,2025-10,P002,CardioMax 20,Cardiology,Central,Bhopal,Ananya Das,D041,24,247.84,0.0,5948.16,594.82,0.1
O01223,2025-12-12,2025-12,P002,CardioMax 20,Cardiology,South,Bengaluru,Aarav Sharma,D048,31,234.69,0.02,7129.88,712.99,0.1
O01224,2025-09-12,2025-09,P006,NeuroRelief,Neurology,West,Mumbai,Aarav Sharma,D078,27,204.96,0.0,5533.92,498.05,0.09
O01225,2025-12-25,2025-12,P001,CardioMax 10,Cardiology,North,Lucknow,Aarav Sharma,D079,9,177.6,0.0,1598.4,191.81,0.12
O01226,2025-12-05,2025-12,P009,Dermaclear,Dermatology,North,Jaipur,Ananya Das,D006,34,143.87,0.0,4891.58,586.99,0.12
O01227,2025-11-10,2025-11,P009,Dermaclear,Dermatology,East,Bhubaneswar,Neha Gupta,D064,89,148.08,0.0,13179.12,1581.49,0.12
O01228,2025-01-25,2025-01,P006,NeuroRelief,Neurology,North,Jaipur,Riya Singh,D040,17,216.39,0.05,3494.7,314.52,0.09
O01229,2025-04-30,2025-04,P003,GlucoCare 500,Diabetes,North,Lucknow,Aarav Sharma,D033,19,97.34,0.0,1849.46,295.91,0.16
O01230,2025-04-02,2025-04,P006,NeuroRelief,Neurology,Central,Bhopal,Vikram Patel,D015,6,212.23,0.02,1247.91,112.31,0.09
O01231,2025-07-13,2025-07,P010,BoneStrong D3,Orthopedics,East,Patna,Neha Gupta,D002,33,113.46,0.08,3444.65,516.7,0.15
O01232,2025-05-06,2025-05,P005,RespiraPlus,Respiratory,North,Lucknow,Neha Gupta,D005,43,154.63,0.05,6316.64,694.83,0.11
O01233,2025-08-14,2025-08,P009,Dermaclear,Dermatology,West,Mumbai,Priya Nair,D024,12,143.83,0.05,1639.66,196.76,0.12
O01234,2025-08-29,2025-08,P002,CardioMax 20,Cardiology,Central,Nagpur,Neha Gupta,D043,34,245.64,0.0,8351.76,835.18,0.1
O01235,2025-01-20,2025-01,P001,CardioMax 10,Cardiology,Central,Raipur,Neha Gupta,D024,25,182.06,0.0,4551.5,546.18,0.12
O01236,2025-12-25,2025-12,P004,GlucoCare 1000,Diabetes,South,Chennai,Ananya Das,D053,13,133.09,0.05,1643.66,230.11,0.14
O01237,2025-02-12,2025-02,P004,GlucoCare 1000,Diabetes,West,Mumbai,Neha Gupta,D045,20,138.49,0.0,2769.8,387.77,0.14
O01238,2025-05-02,2025-05,P006,NeuroRelief,Neurology,West,Pune,Priya Nair,D008,60,211.91,0.0,12714.6,1144.31,0.09
O01239,2025-01-25,2025-01,P012,PainFree XR,Pain Management,North,Chandigarh,Karan Verma,D039,10,75.14,0.0,751.4,150.28,0.2
O01240,2025-05-22,2025-05,P008,ImmunoShield,Immunology,North,Chandigarh,Priya Nair,D054,24,267.94,0.08,5916.12,473.29,0.08
O01241,2025-12-18,2025-12,P002,CardioMax 20,Cardiology,West,Pune,Riya Singh,D047,39,247.88,0.02,9473.97,947.4,0.1
O01242,2025-06-05,2025-06,P004,GlucoCare 1000,Diabetes,East,Kolkata,Karan Verma,D051,36,130.49,0.0,4697.64,657.67,0.14
O01243,2025-12-29,2025-12,P008,ImmunoShield,Immunology,North,Jaipur,Neha Gupta,D042,14,277.2,0.05,3686.76,294.94,0.08
O01244,2025-01-03,2025-01,P010,BoneStrong D3,Orthopedics,East,Ranchi,Riya Singh,D045,24,112.55,0.05,2566.14,384.92,0.15
O01245,2025-11-20,2025-11,P009,Dermaclear,Dermatology,North,Delhi,Vikram Patel,D060,40,139.98,0.05,5319.24,638.31,0.12
O01246,2025-11-07,2025-11,P001,CardioMax 10,Cardiology,West,Ahmedabad,Rahul Kumar,D073,48,177.44,0.0,8517.12,1022.05,0.12
O01247,2025-01-09,2025-01,P012,PainFree XR,Pain Management,East,Kolkata,Riya Singh,D028,57,74.48,0.0,4245.36,849.07,0.2
O01248,2025-04-09,2025-04,P012,PainFree XR,Pain Management,East,Patna,Rahul Kumar,D030,28,76.55,0.05,2036.23,407.25,0.2
O01249,2025-05-23,2025-05,P006,NeuroRelief,Neurology,South,Kochi,Rahul Kumar,D017,52,204.47,0.0,10632.44,956.92,0.09
O01250,2025-07-20,2025-07,P003,GlucoCare 500,Diabetes,Central,Nagpur,Vikram Patel,D021,27,92.41,0.0,2495.07,399.21,0.16
O01251,2025-11-14,2025-11,P011,AntiBio-X,Anti-Infective,North,Chandigarh,Neha Gupta,D076,54,83.87,0.02,4438.4,798.91,0.18
O01252,2025-08-15,2025-08,P006,NeuroRelief,Neurology,North,Jaipur,Rahul Kumar,D041,17,208.89,0.08,3267.04,294.03,0.09
O01253,2025-10-05,2025-10,P002,CardioMax 20,Cardiology,East,Bhubaneswar,Ananya Das,D038,17,242.93,0.0,4129.81,412.98,0.1
O01254,2025-08-24,2025-08,P004,GlucoCare 1000,Diabetes,North,Chandigarh,Aarav Sharma,D044,19,135.58,0.02,2524.5,353.43,0.14
O01255,2025-02-14,2025-02,P012,PainFree XR,Pain Management,East,Kolkata,Rahul Kumar,D038,29,75.56,0.02,2147.42,429.48,0.2
O01256,2025-07-05,2025-07,P006,NeuroRelief,Neurology,South,Bengaluru,Karan Verma,D030,25,209.56,0.0,5239.0,471.51,0.09
O01257,2025-07-12,2025-07,P002,CardioMax 20,Cardiology,Central,Nagpur,Rahul Kumar,D078,32,241.81,0.08,7118.89,711.89,0.1
O01258,2025-04-02,2025-04,P008,ImmunoShield,Immunology,East,Ranchi,Neha Gupta,D064,27,264.14,0.02,6989.14,559.13,0.08
O01259,2025-03-31,2025-03,P004,GlucoCare 1000,Diabetes,East,Patna,Vikram Patel,D017,24,135.59,0.02,3189.08,446.47,0.14
O01260,2025-09-13,2025-09,P005,RespiraPlus,Respiratory,South,Chennai,Priya Nair,D054,53,152.09,0.05,7657.73,842.35,0.11
O01261,2025-11-17,2025-11,P001,CardioMax 10,Cardiology,South,Kochi,Aarav Sharma,D016,9,179.41,0.02,1582.4,189.89,0.12
O01262,2025-11-11,2025-11,P002,CardioMax 20,Cardiology,West,Ahmedabad,Karan Verma,D074,35,237.74,0.02,8154.48,815.45,0.1
O01263,2025-06-29,2025-06,P010,BoneStrong D3,Orthopedics,North,Lucknow,Riya Singh,D010,29,111.33,0.0,3228.57,484.29,0.15
O01264,2025-07-21,2025-07,P009,Dermaclear,Dermatology,South,Chennai,Vikram Patel,D071,65,141.57,0.0,9202.05,1104.25,0.12
O01265,2025-03-25,2025-03,P008,ImmunoShield,Immunology,South,Hyderabad,Neha Gupta,D063,14,285.0,0.02,3910.2,312.82,0.08
O01266,2025-12-25,2025-12,P001,CardioMax 10,Cardiology,North,Delhi,Priya Nair,D062,34,177.24,0.05,5724.85,686.98,0.12
O01267,2025-11-12,2025-11,P010,BoneStrong D3,Orthopedics,West,Pune,Riya Singh,D014,34,112.15,0.0,3813.1,571.96,0.15
O01268,2025-08-05,2025-08,P004,GlucoCare 1000,Diabetes,North,Jaipur,Karan Verma,D001,30,133.58,0.0,4007.4,561.04,0.14
O01269,2025-05-27,2025-05,P002,CardioMax 20,Cardiology,West,Ahmedabad,Aarav Sharma,D080,33,245.03,0.08,7439.11,743.91,0.1
O01270,2025-02-25,2025-02,P009,Dermaclear,Dermatology,North,Lucknow,Neha Gupta,D079,15,141.88,0.05,2021.79,242.61,0.12
O01271,2025-07-08,2025-07,P010,BoneStrong D3,Orthopedics,Central,Nagpur,Priya Nair,D034,29,110.46,0.1,2883.01,432.45,0.15
O01272,2025-05-24,2025-05,P012,PainFree XR,Pain Management,West,Ahmedabad,Karan Verma,D057,20,74.92,0.05,1423.48,284.7,0.2
O01273,2025-01-17,2025-01,P011,AntiBio-X,Anti-Infective,North,Lucknow,Aarav Sharma,D008,31,82.79,0.05,2438.17,438.87,0.18
O01274,2025-05-29,2025-05,P006,NeuroRelief,Neurology,North,Jaipur,Priya Nair,D074,19,204.19,0.05,3685.63,331.71,0.09
O01275,2025-10-13,2025-10,P003,GlucoCare 500,Diabetes,North,Delhi,Rahul Kumar,D017,17,98.41,0.0,1672.97,267.68,0.16
O01276,2025-05-10,2025-05,P009,Dermaclear,Dermatology,East,Ranchi,Ananya Das,D005,14,141.68,0.0,1983.52,238.02,0.12
O01277,2025-09-19,2025-09,P004,GlucoCare 1000,Diabetes,West,Mumbai,Neha Gupta,D042,8,133.5,0.0,1068.0,149.52,0.14
O01278,2025-10-25,2025-10,P009,Dermaclear,Dermatology,West,Surat,Karan Verma,D021,29,144.23,0.02,4099.02,491.88,0.12
O01279,2025-03-05,2025-03,P011,AntiBio-X,Anti-Infective,West,Mumbai,Rahul Kumar,D065,15,85.98,0.05,1225.21,220.54,0.18
O01280,2025-03-11,2025-03,P011,AntiBio-X,Anti-Infective,East,Bhubaneswar,Vikram Patel,D039,35,82.73,0.0,2895.55,521.2,0.18
O01281,2025-12-02,2025-12,P002,CardioMax 20,Cardiology,West,Surat,Rahul Kumar,D011,23,241.48,0.05,5276.34,527.63,0.1
O01282,2025-08-11,2025-08,P008,ImmunoShield,Immunology,West,Surat,Neha Gupta,D004,36,266.83,0.1,8645.29,691.62,0.08
O01283,2025-03-21,2025-03,P009,Dermaclear,Dermatology,West,Surat,Aarav Sharma,D059,59,143.82,0.02,8315.67,997.88,0.12
O01284,2025-01-15,2025-01,P002,CardioMax 20,Cardiology,East,Ranchi,Aarav Sharma,D069,26,241.68,0.08,5780.99,578.1,0.1
O01285,2025-11-02,2025-11,P002,CardioMax 20,Cardiology,West,Mumbai,Aarav Sharma,D014,55,244.01,0.02,13152.14,1315.21,0.1
O01286,2025-12-18,2025-12,P003,GlucoCare 500,Diabetes,East,Ranchi,Ananya Das,D034,30,96.31,0.0,2889.3,462.29,0.16
O01287,2025-07-21,2025-07,P009,Dermaclear,Dermatology,North,Jaipur,Karan Verma,D018,30,146.42,0.0,4392.6,527.11,0.12
O01288,2025-05-15,2025-05,P010,BoneStrong D3,Orthopedics,South,Bengaluru,Rahul Kumar,D003,62,106.48,0.02,6469.72,970.46,0.15
O01289,2025-05-12,2025-05,P002,CardioMax 20,Cardiology,North,Delhi,Karan Verma,D052,12,242.78,0.05,2767.69,276.77,0.1
O01290,2025-08-13,2025-08,P010,BoneStrong D3,Orthopedics,West,Mumbai,Rahul Kumar,D030,24,109.84,0.05,2504.35,375.65,0.15
O01291,2025-08-24,2025-08,P001,CardioMax 10,Cardiology,North,Jaipur,Priya Nair,D019,34,177.12,0.02,5901.64,708.2,0.12
O01292,2025-10-24,2025-10,P008,ImmunoShield,Immunology,East,Kolkata,Rahul Kumar,D061,58,278.33,0.0,16143.14,1291.45,0.08
O01293,2025-10-08,2025-10,P002,CardioMax 20,Cardiology,Central,Nagpur,Neha Gupta,D010,65,241.82,0.05,14932.38,1493.24,0.1
O01294,2025-03-23,2025-03,P004,GlucoCare 1000,Diabetes,North,Delhi,Riya Singh,D035,26,132.08,0.05,3262.38,456.73,0.14
O01295,2025-04-10,2025-04,P007,GastroEase,Gastroenterology,West,Ahmedabad,Priya Nair,D040,25,117.1,0.08,2693.3,350.13,0.13
O01296,2025-04-16,2025-04,P010,BoneStrong D3,Orthopedics,East,Kolkata,Ananya Das,D009,46,108.59,0.0,4995.14,749.27,0.15
O01297,2025-07-14,2025-07,P011,AntiBio-X,Anti-Infective,West,Ahmedabad,Riya Singh,D015,36,88.03,0.0,3169.08,570.43,0.18
O01298,2025-05-09,2025-05,P010,BoneStrong D3,Orthopedics,South,Chennai,Ananya Das,D034,10,110.21,0.0,1102.1,165.32,0.15
O01299,2025-10-03,2025-10,P011,AntiBio-X,Anti-Infective,Central,Indore,Ananya Das,D032,25,84.26,0.0,2106.5,379.17,0.18
O01300,2025-01-22,2025-01,P001,CardioMax 10,Cardiology,South,Kochi,Neha Gupta,D052,15,176.44,0.05,2514.27,301.71,0.12
O01301,2025-05-17,2025-05,P012,PainFree XR,Pain Management,East,Kolkata,Riya Singh,D040,9,76.13,0.0,685.17,137.03,0.2
O01302,2025-09-28,2025-09,P009,Dermaclear,Dermatology,East,Patna,Priya Nair,D072,29,142.18,0.05,3917.06,470.05,0.12
O01303,2025-05-14,2025-05,P009,Dermaclear,Dermatology,East,Ranchi,Aarav Sharma,D019,19,149.37,0.05,2696.13,323.54,0.12
O01304,2025-05-26,2025-05,P004,GlucoCare 1000,Diabetes,South,Chennai,Rahul Kumar,D050,27,138.9,0.02,3675.29,514.54,0.14
O01305,2025-09-11,2025-09,P010,BoneStrong D3,Orthopedics,West,Mumbai,Vikram Patel,D023,30,106.91,0.02,3143.15,471.47,0.15
O01306,2025-02-26,2025-02,P007,GastroEase,Gastroenterology,North,Chandigarh,Neha Gupta,D063,43,119.21,0.0,5126.03,666.38,0.13
O01307,2025-01-12,2025-01,P012,PainFree XR,Pain Management,West,Pune,Ananya Das,D030,34,76.17,0.02,2537.98,507.6,0.2
O01308,2025-11-15,2025-11,P009,Dermaclear,Dermatology,North,Jaipur,Vikram Patel,D041,25,148.16,0.02,3629.92,435.59,0.12
O01309,2025-06-09,2025-06,P002,CardioMax 20,Cardiology,North,Delhi,Rahul Kumar,D033,14,237.55,0.0,3325.7,332.57,0.1
O01310,2025-05-25,2025-05,P001,CardioMax 10,Cardiology,West,Surat,Ananya Das,D022,81,175.99,0.05,13542.43,1625.09,0.12
O01311,2025-02-22,2025-02,P006,NeuroRelief,Neurology,South,Chennai,Karan Verma,D032,34,214.96,0.0,7308.64,657.78,0.09
O01312,2025-10-17,2025-10,P009,Dermaclear,Dermatology,South,Hyderabad,Ananya Das,D077,28,143.02,0.1,3604.1,432.49,0.12
O01313,2025-06-23,2025-06,P007,GastroEase,Gastroenterology,East,Bhubaneswar,Neha Gupta,D003,8,122.83,0.1,884.38,114.97,0.13
O01314,2025-09-10,2025-09,P003,GlucoCare 500,Diabetes,East,Patna,Karan Verma,D008,60,98.75,0.0,5925.0,948.0,0.16
O01315,2025-01-06,2025-01,P006,NeuroRelief,Neurology,South,Hyderabad,Vikram Patel,D029,32,212.38,0.05,6456.35,581.07,0.09
O01316,2025-10-16,2025-10,P005,RespiraPlus,Respiratory,North,Lucknow,Aarav Sharma,D044,54,155.36,0.08,7718.28,849.01,0.11
O01317,2025-04-19,2025-04,P004,GlucoCare 1000,Diabetes,South,Bengaluru,Vikram Patel,D076,57,138.62,0.05,7506.27,1050.88,0.14
O01318,2025-03-17,2025-03,P006,NeuroRelief,Neurology,South,Bengaluru,Ananya Das,D034,12,213.01,0.0,2556.12,230.05,0.09
O01319,2025-01-06,2025-01,P005,RespiraPlus,Respiratory,South,Chennai,Riya Singh,D056,52,151.34,0.0,7869.68,865.66,0.11
O01320,2025-03-19,2025-03,P001,CardioMax 10,Cardiology,North,Jaipur,Aarav Sharma,D044,20,184.5,0.05,3505.5,420.66,0.12
O01321,2025-09-29,2025-09,P012,PainFree XR,Pain Management,East,Patna,Riya Singh,D019,17,75.98,0.0,1291.66,258.33,0.2
O01322,2025-06-13,2025-06,P012,PainFree XR,Pain Management,South,Hyderabad,Priya Nair,D074,45,72.37,0.02,3191.52,638.3,0.2
O01323,2025-08-01,2025-08,P010,BoneStrong D3,Orthopedics,North,Chandigarh,Aarav Sharma,D055,29,110.88,0.02,3151.21,472.68,0.15
O01324,2025-04-28,2025-04,P009,Dermaclear,Dermatology,South,Hyderabad,Ananya Das,D019,34,145.8,0.05,4709.34,565.12,0.12
O01325,2025-12-12,2025-12,P008,ImmunoShield,Immunology,West,Ahmedabad,Vikram Patel,D048,14,267.38,0.05,3556.15,284.49,0.08
O01326,2025-10-31,2025-10,P008,ImmunoShield,Immunology,North,Delhi,Neha Gupta,D070,43,281.24,0.05,11488.65,919.09,0.08
O01327,2025-01-24,2025-01,P004,GlucoCare 1000,Diabetes,Central,Raipur,Rahul Kumar,D005,43,137.99,0.08,5458.88,764.24,0.14
O01328,2025-12-15,2025-12,P006,NeuroRelief,Neurology,North,Delhi,Neha Gupta,D020,37,215.63,0.0,7978.31,718.05,0.09
O01329,2025-12-31,2025-12,P001,CardioMax 10,Cardiology,South,Kochi,Rahul Kumar,D050,10,183.81,0.0,1838.1,220.57,0.12
O01330,2025-09-19,2025-09,P007,GastroEase,Gastroenterology,West,Pune,Riya Singh,D045,8,121.31,0.0,970.48,126.16,0.13
O01331,2025-09-23,2025-09,P001,CardioMax 10,Cardiology,South,Hyderabad,Rahul Kumar,D059,22,180.63,0.02,3894.38,467.33,0.12
O01332,2025-05-08,2025-05,P003,GlucoCare 500,Diabetes,South,Chennai,Rahul Kumar,D009,30,92.62,0.0,2778.6,444.58,0.16
O01333,2025-09-10,2025-09,P005,RespiraPlus,Respiratory,South,Bengaluru,Karan Verma,D062,49,155.99,0.1,6879.16,756.71,0.11
O01334,2025-10-22,2025-10,P005,RespiraPlus,Respiratory,South,Bengaluru,Aarav Sharma,D032,10,149.22,0.0,1492.2,164.14,0.11
O01335,2025-01-08,2025-01,P012,PainFree XR,Pain Management,South,Hyderabad,Vikram Patel,D030,38,77.6,0.0,2948.8,589.76,0.2
O01336,2025-01-30,2025-01,P010,BoneStrong D3,Orthopedics,East,Ranchi,Neha Gupta,D071,27,108.24,0.0,2922.48,438.37,0.15
O01337,2025-10-18,2025-10,P003,GlucoCare 500,Diabetes,East,Patna,Ananya Das,D051,32,91.61,0.0,2931.52,469.04,0.16
O01338,2025-12-04,2025-12,P004,GlucoCare 1000,Diabetes,North,Jaipur,Karan Verma,D022,32,132.02,0.02,4140.15,579.62,0.14
O01339,2025-12-04,2025-12,P009,Dermaclear,Dermatology,North,Delhi,Aarav Sharma,D007,14,145.56,0.0,2037.84,244.54,0.12
O01340,2025-08-31,2025-08,P004,GlucoCare 1000,Diabetes,North,Delhi,Riya Singh,D049,38,130.33,0.05,4704.91,658.69,0.14
O01341,2025-01-08,2025-01,P008,ImmunoShield,Immunology,East,Bhubaneswar,Karan Verma,D018,36,280.99,0.05,9609.86,768.79,0.08
O01342,2025-08-30,2025-08,P005,RespiraPlus,Respiratory,North,Delhi,Aarav Sharma,D034,49,158.3,0.0,7756.7,853.24,0.11
O01343,2025-07-25,2025-07,P003,GlucoCare 500,Diabetes,North,Delhi,Ananya Das,D029,24,92.4,0.02,2173.25,347.72,0.16
O01344,2025-01-18,2025-01,P011,AntiBio-X,Anti-Infective,West,Surat,Riya Singh,D010,41,87.53,0.0,3588.73,645.97,0.18
O01345,2025-07-31,2025-07,P011,AntiBio-X,Anti-Infective,East,Patna,Neha Gupta,D030,27,88.16,0.0,2380.32,428.46,0.18
O01346,2025-03-20,2025-03,P008,ImmunoShield,Immunology,East,Ranchi,Neha Gupta,D079,40,271.04,0.1,9757.44,780.6,0.08
O01347,2025-11-10,2025-11,P002,CardioMax 20,Cardiology,West,Surat,Vikram Patel,D022,32,234.6,0.0,7507.2,750.72,0.1
O01348,2025-10-21,2025-10,P005,RespiraPlus,Respiratory,North,Jaipur,Neha Gupta,D012,17,159.75,0.0,2715.75,298.73,0.11
O01349,2025-09-25,2025-09,P012,PainFree XR,Pain Management,South,Chennai,Riya Singh,D059,39,74.89,0.0,2920.71,584.14,0.2
O01350,2025-08-16,2025-08,P002,CardioMax 20,Cardiology,East,Patna,Rahul Kumar,D076,45,238.95,0.1,9677.48,967.75,0.1
O01351,2025-01-23,2025-01,P010,BoneStrong D3,Orthopedics,South,Hyderabad,Vikram Patel,D020,47,112.95,0.0,5308.65,796.3,0.15
O01352,2025-05-23,2025-05,P005,RespiraPlus,Respiratory,East,Patna,Ananya Das,D073,21,150.28,0.0,3155.88,347.15,0.11
O01353,2025-11-20,2025-11,P009,Dermaclear,Dermatology,North,Delhi,Aarav Sharma,D024,40,142.29,0.0,5691.6,682.99,0.12
O01354,2025-03-26,2025-03,P011,AntiBio-X,Anti-Infective,South,Kochi,Ananya Das,D002,65,85.61,0.02,5453.36,981.6,0.18
O01355,2025-09-08,2025-09,P005,RespiraPlus,Respiratory,North,Jaipur,Neha Gupta,D041,27,154.95,0.02,4099.98,451.0,0.11
O01356,2025-02-06,2025-02,P006,NeuroRelief,Neurology,North,Chandigarh,Rahul Kumar,D034,33,210.91,0.05,6612.03,595.08,0.09
O01357,2025-12-31,2025-12,P008,ImmunoShield,Immunology,South,Hyderabad,Vikram Patel,D050,36,285.69,0.0,10284.84,822.79,0.08
O01358,2025-03-09,2025-03,P012,PainFree XR,Pain Management,South,Chennai,Neha Gupta,D077,15,72.49,0.0,1087.35,217.47,0.2
O01359,2025-03-30,2025-03,P012,PainFree XR,Pain Management,South,Chennai,Vikram Patel,D017,15,74.41,0.05,1060.34,212.07,0.2
O01360,2025-04-26,2025-04,P009,Dermaclear,Dermatology,North,Chandigarh,Neha Gupta,D077,42,150.66,0.0,6327.72,759.33,0.12
O01361,2025-06-05,2025-06,P012,PainFree XR,Pain Management,South,Bengaluru,Vikram Patel,D036,49,74.42,0.0,3646.58,729.32,0.2
O01362,2025-11-04,2025-11,P004,GlucoCare 1000,Diabetes,South,Bengaluru,Riya Singh,D053,7,138.23,0.1,870.85,121.92,0.14
O01363,2025-06-20,2025-06,P012,PainFree XR,Pain Management,East,Bhubaneswar,Rahul Kumar,D051,16,76.06,0.08,1119.6,223.92,0.2
O01364,2025-02-05,2025-02,P006,NeuroRelief,Neurology,Central,Raipur,Riya Singh,D046,22,201.66,0.05,4214.69,379.32,0.09
O01365,2025-07-13,2025-07,P003,GlucoCare 500,Diabetes,West,Mumbai,Neha Gupta,D067,42,96.59,0.0,4056.78,649.08,0.16
O01366,2025-04-23,2025-04,P007,GastroEase,Gastroenterology,South,Bengaluru,Priya Nair,D031,31,123.25,0.0,3820.75,496.7,0.13
O01367,2025-01-15,2025-01,P001,CardioMax 10,Cardiology,Central,Raipur,Riya Singh,D020,15,177.84,0.05,2534.22,304.11,0.12
O01368,2025-06-28,2025-06,P004,GlucoCare 1000,Diabetes,West,Surat,Riya Singh,D039,64,138.35,0.0,8854.4,1239.62,0.14
O01369,2025-01-12,2025-01,P002,CardioMax 20,Cardiology,East,Kolkata,Priya Nair,D005,33,248.7,0.02,8042.96,804.3,0.1
O01370,2025-04-30,2025-04,P009,Dermaclear,Dermatology,West,Mumbai,Neha Gupta,D014,33,144.89,0.0,4781.37,573.76,0.12
O01371,2025-12-18,2025-12,P009,Dermaclear,Dermatology,West,Mumbai,Karan Verma,D058,64,140.49,0.0,8991.36,1078.96,0.12
O01372,2025-02-11,2025-02,P012,PainFree XR,Pain Management,North,Chandigarh,Vikram Patel,D047,17,73.72,0.0,1253.24,250.65,0.2
O01373,2025-05-11,2025-05,P010,BoneStrong D3,Orthopedics,Central,Bhopal,Rahul Kumar,D050,35,109.96,0.0,3848.6,577.29,0.15
O01374,2025-01-30,2025-01,P007,GastroEase,Gastroenterology,North,Chandigarh,Rahul Kumar,D035,10,120.25,0.08,1106.3,143.82,0.13
O01375,2025-06-06,2025-06,P006,NeuroRelief,Neurology,Central,Raipur,Vikram Patel,D069,23,210.25,0.05,4593.96,413.46,0.09
O01376,2025-08-29,2025-08,P006,NeuroRelief,Neurology,West,Ahmedabad,Rahul Kumar,D016,25,216.57,0.05,5143.54,462.92,0.09
O01377,2025-03-14,2025-03,P006,NeuroRelief,Neurology,South,Hyderabad,Karan Verma,D030,18,205.61,0.08,3404.9,306.44,0.09
O01378,2025-07-09,2025-07,P003,GlucoCare 500,Diabetes,Central,Indore,Priya Nair,D039,20,95.39,0.0,1907.8,305.25,0.16
O01379,2025-07-10,2025-07,P008,ImmunoShield,Immunology,North,Chandigarh,Riya Singh,D039,26,270.1,0.02,6882.15,550.57,0.08
O01380,2025-12-19,2025-12,P002,CardioMax 20,Cardiology,South,Kochi,Riya Singh,D080,40,242.18,0.0,9687.2,968.72,0.1
O01381,2025-10-21,2025-10,P010,BoneStrong D3,Orthopedics,West,Mumbai,Aarav Sharma,D032,36,113.39,0.02,4000.4,600.06,0.15
O01382,2025-08-26,2025-08,P007,GastroEase,Gastroenterology,South,Hyderabad,Riya Singh,D036,14,120.01,0.0,1680.14,218.42,0.13
O01383,2025-04-03,2025-04,P002,CardioMax 20,Cardiology,Central,Bhopal,Vikram Patel,D010,36,237.71,0.05,8129.68,812.97,0.1
O01384,2025-06-08,2025-06,P011,AntiBio-X,Anti-Infective,Central,Indore,Aarav Sharma,D046,16,86.28,0.05,1311.46,236.06,0.18
O01385,2025-09-27,2025-09,P009,Dermaclear,Dermatology,South,Hyderabad,Aarav Sharma,D057,52,141.75,0.0,7371.0,884.52,0.12
O01386,2025-07-06,2025-07,P002,CardioMax 20,Cardiology,East,Ranchi,Aarav Sharma,D066,21,246.01,0.0,5166.21,516.62,0.1
O01387,2025-12-24,2025-12,P009,Dermaclear,Dermatology,North,Delhi,Vikram Patel,D062,30,145.82,0.0,4374.6,524.95,0.12
O01388,2025-11-28,2025-11,P004,GlucoCare 1000,Diabetes,West,Mumbai,Vikram Patel,D029,45,131.02,0.0,5895.9,825.43,0.14
O01389,2025-04-23,2025-04,P010,BoneStrong D3,Orthopedics,Central,Nagpur,Vikram Patel,D015,21,110.83,0.0,2327.43,349.11,0.15
O01390,2025-11-08,2025-11,P002,CardioMax 20,Cardiology,South,Chennai,Neha Gupta,D017,83,242.92,0.0,20162.36,2016.24,0.1
O01391,2025-04-27,2025-04,P004,GlucoCare 1000,Diabetes,South,Kochi,Riya Singh,D061,57,129.8,0.0,7398.6,1035.8,0.14
O01392,2025-06-30,2025-06,P005,RespiraPlus,Respiratory,South,Hyderabad,Vikram Patel,D001,34,154.69,0.0,5259.46,578.54,0.11
O01393,2025-01-21,2025-01,P002,CardioMax 20,Cardiology,West,Surat,Rahul Kumar,D025,22,236.59,0.0,5204.98,520.5,0.1
O01394,2025-07-30,2025-07,P006,NeuroRelief,Neurology,East,Patna,Neha Gupta,D001,28,214.28,0.0,5999.84,539.99,0.09
O01395,2025-12-19,2025-12,P001,CardioMax 10,Cardiology,South,Kochi,Riya Singh,D054,39,180.13,0.08,6463.06,775.57,0.12
O01396,2025-12-31,2025-12,P011,AntiBio-X,Anti-Infective,North,Delhi,Karan Verma,D051,17,87.67,0.05,1415.87,254.86,0.18
O01397,2025-12-03,2025-12,P010,BoneStrong D3,Orthopedics,East,Bhubaneswar,Riya Singh,D048,59,107.32,0.08,5825.33,873.8,0.15
O01398,2025-06-25,2025-06,P006,NeuroRelief,Neurology,North,Lucknow,Vikram Patel,D062,45,214.02,0.05,9149.36,823.44,0.09
O01399,2025-06-25,2025-06,P012,PainFree XR,Pain Management,South,Bengaluru,Rahul Kumar,D017,47,75.52,0.05,3371.97,674.39,0.2
O01400,2025-12-19,2025-12,P011,AntiBio-X,Anti-Infective,Central,Indore,Riya Singh,D068,15,87.69,0.05,1249.58,224.92,0.18
O01401,2025-03-04,2025-03,P011,AntiBio-X,Anti-Infective,East,Kolkata,Priya Nair,D035,37,88.0,0.1,2930.4,527.47,0.18
O01402,2025-09-12,2025-09,P004,GlucoCare 1000,Diabetes,South,Kochi,Vikram Patel,D066,20,130.6,0.02,2559.76,358.37,0.14
O01403,2025-11-04,2025-11,P004,GlucoCare 1000,Diabetes,West,Surat,Vikram Patel,D055,15,133.27,0.0,1999.05,279.87,0.14
O01404,2025-08-26,2025-08,P007,GastroEase,Gastroenterology,North,Chandigarh,Riya Singh,D030,37,116.16,0.02,4211.96,547.55,0.13
O01405,2025-01-07,2025-01,P002,CardioMax 20,Cardiology,West,Mumbai,Aarav Sharma,D008,43,238.59,0.0,10259.37,1025.94,0.1
O01406,2025-05-01,2025-05,P008,ImmunoShield,Immunology,Central,Nagpur,Neha Gupta,D015,16,283.56,0.0,4536.96,362.96,0.08
O01407,2025-10-15,2025-10,P004,GlucoCare 1000,Diabetes,Central,Nagpur,Riya Singh,D013,36,138.16,0.02,4874.28,682.4,0.14
O01408,2025-11-14,2025-11,P001,CardioMax 10,Cardiology,West,Mumbai,Riya Singh,D032,31,178.53,0.1,4980.99,597.72,0.12
O01409,2025-12-23,2025-12,P012,PainFree XR,Pain Management,East,Kolkata,Vikram Patel,D059,21,75.81,0.0,1592.01,318.4,0.2
O01410,2025-07-28,2025-07,P009,Dermaclear,Dermatology,North,Lucknow,Neha Gupta,D077,15,150.32,0.1,2029.32,243.52,0.12
O01411,2025-11-17,2025-11,P002,CardioMax 20,Cardiology,East,Patna,Rahul Kumar,D079,22,245.68,0.0,5404.96,540.5,0.1
O01412,2025-05-29,2025-05,P003,GlucoCare 500,Diabetes,South,Kochi,Neha Gupta,D007,63,94.83,0.05,5675.58,908.09,0.16
O01413,2025-06-07,2025-06,P005,RespiraPlus,Respiratory,South,Hyderabad,Neha Gupta,D048,20,150.22,0.0,3004.4,330.48,0.11
O01414,2025-08-17,2025-08,P012,PainFree XR,Pain Management,Central,Nagpur,Riya Singh,D061,11,76.42,0.0,840.62,168.12,0.2
O01415,2025-02-18,2025-02,P008,ImmunoShield,Immunology,South,Hyderabad,Priya Nair,D018,51,265.7,0.02,13279.69,1062.38,0.08
O01416,2025-01-07,2025-01,P011,AntiBio-X,Anti-Infective,South,Kochi,Rahul Kumar,D042,40,82.88,0.0,3315.2,596.74,0.18
O01417,2025-05-05,2025-05,P004,GlucoCare 1000,Diabetes,West,Surat,Vikram Patel,D040,36,131.07,0.0,4718.52,660.59,0.14
O01418,2025-10-31,2025-10,P003,GlucoCare 500,Diabetes,North,Delhi,Riya Singh,D003,34,98.14,0.02,3270.02,523.2,0.16
O01419,2025-12-13,2025-12,P011,AntiBio-X,Anti-Infective,North,Chandigarh,Aarav Sharma,D068,42,85.32,0.05,3404.27,612.77,0.18
O01420,2025-04-18,2025-04,P001,CardioMax 10,Cardiology,North,Delhi,Riya Singh,D049,23,175.08,0.05,3825.5,459.06,0.12
O01421,2025-12-30,2025-12,P009,Dermaclear,Dermatology,South,Bengaluru,Neha Gupta,D029,20,140.96,0.05,2678.24,321.39,0.12
O01422,2025-08-11,2025-08,P008,ImmunoShield,Immunology,East,Bhubaneswar,Rahul Kumar,D061,8,284.83,0.05,2164.71,173.18,0.08
O01423,2025-05-13,2025-05,P002,CardioMax 20,Cardiology,West,Mumbai,Ananya Das,D007,42,236.3,0.08,9130.63,913.06,0.1
O01424,2025-01-30,2025-01,P012,PainFree XR,Pain Management,North,Jaipur,Neha Gupta,D039,48,72.76,0.0,3492.48,698.5,0.2
O01425,2025-12-28,2025-12,P005,RespiraPlus,Respiratory,West,Ahmedabad,Karan Verma,D077,48,159.79,0.0,7669.92,843.69,0.11
O01426,2025-10-01,2025-10,P001,CardioMax 10,Cardiology,Central,Nagpur,Aarav Sharma,D023,18,181.11,0.0,3259.98,391.2,0.12
O01427,2025-05-07,2025-05,P012,PainFree XR,Pain Management,West,Ahmedabad,Ananya Das,D003,37,74.26,0.0,2747.62,549.52,0.2
O01428,2025-12-08,2025-12,P001,CardioMax 10,Cardiology,South,Chennai,Priya Nair,D001,28,175.81,0.05,4676.55,561.19,0.12
O01429,2025-05-15,2025-05,P005,RespiraPlus,Respiratory,West,Ahmedabad,Priya Nair,D043,28,149.98,0.05,3989.47,438.84,0.11
O01430,2025-12-03,2025-12,P009,Dermaclear,Dermatology,Central,Indore,Rahul Kumar,D063,13,147.89,0.05,1826.44,219.17,0.12
O01431,2025-11-07,2025-11,P012,PainFree XR,Pain Management,South,Bengaluru,Neha Gupta,D026,14,73.27,0.02,1005.26,201.05,0.2
O01432,2025-03-14,2025-03,P001,CardioMax 10,Cardiology,North,Jaipur,Karan Verma,D012,50,173.78,0.1,7820.1,938.41,0.12
O01433,2025-12-08,2025-12,P003,GlucoCare 500,Diabetes,North,Delhi,Karan Verma,D023,7,95.36,0.0,667.52,106.8,0.16
O01434,2025-11-25,2025-11,P006,NeuroRelief,Neurology,West,Pune,Aarav Sharma,D007,8,202.5,0.05,1539.0,138.51,0.09
O01435,2025-06-10,2025-06,P010,BoneStrong D3,Orthopedics,East,Kolkata,Ananya Das,D045,33,106.81,0.0,3524.73,528.71,0.15
O01436,2025-02-04,2025-02,P003,GlucoCare 500,Diabetes,East,Kolkata,Aarav Sharma,D011,28,93.19,0.0,2609.32,417.49,0.16
O01437,2025-09-14,2025-09,P002,CardioMax 20,Cardiology,North,Chandigarh,Vikram Patel,D060,36,238.8,0.05,8166.96,816.7,0.1
O01438,2025-10-25,2025-10,P004,GlucoCare 1000,Diabetes,North,Jaipur,Vikram Patel,D039,37,137.73,0.0,5096.01,713.44,0.14
O01439,2025-10-29,2025-10,P006,NeuroRelief,Neurology,West,Ahmedabad,Ananya Das,D021,36,207.1,0.1,6710.04,603.9,0.09
O01440,2025-04-09,2025-04,P011,AntiBio-X,Anti-Infective,South,Bengaluru,Karan Verma,D053,39,83.18,0.0,3244.02,583.92,0.18
O01441,2025-08-13,2025-08,P011,AntiBio-X,Anti-Infective,North,Chandigarh,Ananya Das,D028,19,87.4,0.0,1660.6,298.91,0.18
O01442,2025-05-13,2025-05,P012,PainFree XR,Pain Management,East,Bhubaneswar,Riya Singh,D021,20,76.67,0.1,1380.06,276.01,0.2
O01443,2025-11-25,2025-11,P001,CardioMax 10,Cardiology,South,Kochi,Rahul Kumar,D007,12,181.38,0.05,2067.73,248.13,0.12
O01444,2025-10-11,2025-10,P007,GastroEase,Gastroenterology,North,Chandigarh,Riya Singh,D010,54,118.5,0.0,6399.0,831.87,0.13
O01445,2025-01-13,2025-01,P006,NeuroRelief,Neurology,South,Bengaluru,Neha Gupta,D038,12,216.37,0.0,2596.44,233.68,0.09
O01446,2025-02-17,2025-02,P011,AntiBio-X,Anti-Infective,West,Mumbai,Neha Gupta,D055,17,85.34,0.08,1334.72,240.25,0.18
O01447,2025-11-10,2025-11,P003,GlucoCare 500,Diabetes,South,Hyderabad,Aarav Sharma,D029,28,91.65,0.05,2437.89,390.06,0.16
O01448,2025-05-13,2025-05,P010,BoneStrong D3,Orthopedics,East,Bhubaneswar,Aarav Sharma,D022,8,107.02,0.05,813.35,122.0,0.15
O01449,2025-05-08,2025-05,P011,AntiBio-X,Anti-Infective,Central,Raipur,Priya Nair,D005,33,81.69,0.0,2695.77,485.24,0.18
O01450,2025-05-17,2025-05,P003,GlucoCare 500,Diabetes,East,Ranchi,Aarav Sharma,D031,33,94.94,0.08,2882.38,461.18,0.16
O01451,2025-02-19,2025-02,P010,BoneStrong D3,Orthopedics,North,Delhi,Ananya Das,D057,11,109.71,0.0,1206.81,181.02,0.15
O01452,2025-07-09,2025-07,P001,CardioMax 10,Cardiology,South,Hyderabad,Priya Nair,D008,10,176.11,0.0,1761.1,211.33,0.12
O01453,2025-04-25,2025-04,P006,NeuroRelief,Neurology,North,Delhi,Rahul Kumar,D011,24,216.69,0.05,4940.53,444.65,0.09
O01454,2025-01-17,2025-01,P004,GlucoCare 1000,Diabetes,West,Pune,Vikram Patel,D016,52,138.21,0.02,7043.18,986.05,0.14
O01455,2025-10-05,2025-10,P004,GlucoCare 1000,Diabetes,South,Hyderabad,Vikram Patel,D044,41,132.21,0.05,5149.58,720.94,0.14
O01456,2025-08-15,2025-08,P004,GlucoCare 1000,Diabetes,North,Delhi,Neha Gupta,D065,26,139.58,0.0,3629.08,508.07,0.14
O01457,2025-08-06,2025-08,P004,GlucoCare 1000,Diabetes,West,Ahmedabad,Karan Verma,D006,25,136.1,0.05,3232.38,452.53,0.14
O01458,2025-03-16,2025-03,P003,GlucoCare 500,Diabetes,Central,Indore,Vikram Patel,D035,18,97.01,0.05,1658.87,265.42,0.16
O01459,2025-07-04,2025-07,P003,GlucoCare 500,Diabetes,South,Bengaluru,Karan Verma,D074,12,94.77,0.1,1023.52,163.76,0.16
O01460,2025-03-08,2025-03,P001,CardioMax 10,Cardiology,Central,Nagpur,Riya Singh,D019,11,187.04,0.02,2016.29,241.95,0.12
O01461,2025-03-25,2025-03,P004,GlucoCare 1000,Diabetes,South,Bengaluru,Rahul Kumar,D008,15,138.86,0.08,1916.27,268.28,0.14
O01462,2025-05-06,2025-05,P005,RespiraPlus,Respiratory,West,Ahmedabad,Vikram Patel,D061,47,159.78,0.1,6758.69,743.46,0.11
O01463,2025-10-05,2025-10,P008,ImmunoShield,Immunology,East,Ranchi,Priya Nair,D019,22,268.28,0.08,5429.99,434.4,0.08
O01464,2025-12-09,2025-12,P002,CardioMax 20,Cardiology,North,Jaipur,Neha Gupta,D007,43,234.24,0.05,9568.7,956.87,0.1
O01465,2025-11-29,2025-11,P005,RespiraPlus,Respiratory,West,Ahmedabad,Karan Verma,D065,39,158.87,0.02,6072.01,667.92,0.11
O01466,2025-06-09,2025-06,P005,RespiraPlus,Respiratory,North,Delhi,Neha Gupta,D073,31,153.68,0.02,4668.8,513.57,0.11
O01467,2025-10-15,2025-10,P008,ImmunoShield,Immunology,West,Pune,Ananya Das,D075,12,265.1,0.05,3022.14,241.77,0.08
O01468,2025-07-19,2025-07,P002,CardioMax 20,Cardiology,East,Ranchi,Aarav Sharma,D063,8,244.82,0.08,1801.88,180.19,0.1
O01469,2025-07-09,2025-07,P006,NeuroRelief,Neurology,West,Mumbai,Rahul Kumar,D080,14,203.14,0.05,2701.76,243.16,0.09
O01470,2025-09-19,2025-09,P008,ImmunoShield,Immunology,East,Kolkata,Neha Gupta,D001,24,285.14,0.02,6706.49,536.52,0.08
O01471,2025-11-01,2025-11,P012,PainFree XR,Pain Management,West,Mumbai,Vikram Patel,D064,31,72.94,0.05,2148.08,429.62,0.2
O01472,2025-09-27,2025-09,P001,CardioMax 10,Cardiology,South,Hyderabad,Vikram Patel,D065,35,181.1,0.0,6338.5,760.62,0.12
O01473,2025-04-17,2025-04,P004,GlucoCare 1000,Diabetes,North,Lucknow,Karan Verma,D047,8,133.93,0.0,1071.44,150.0,0.14
O01474,2025-11-03,2025-11,P002,CardioMax 20,Cardiology,North,Lucknow,Aarav Sharma,D049,34,243.18,0.08,7606.67,760.67,0.1
O01475,2025-11-11,2025-11,P010,BoneStrong D3,Orthopedics,East,Kolkata,Neha Gupta,D011,55,106.15,0.0,5838.25,875.74,0.15
O01476,2025-09-02,2025-09,P004,GlucoCare 1000,Diabetes,East,Ranchi,Vikram Patel,D015,26,131.0,0.0,3406.0,476.84,0.14
O01477,2025-10-06,2025-10,P009,Dermaclear,Dermatology,North,Jaipur,Neha Gupta,D001,27,144.07,0.0,3889.89,466.79,0.12
O01478,2025-01-20,2025-01,P006,NeuroRelief,Neurology,Central,Indore,Neha Gupta,D061,26,213.86,0.0,5560.36,500.43,0.09
O01479,2025-08-26,2025-08,P011,AntiBio-X,Anti-Infective,South,Bengaluru,Karan Verma,D056,57,84.54,0.05,4577.84,824.01,0.18
O01480,2025-10-09,2025-10,P003,GlucoCare 500,Diabetes,North,Chandigarh,Neha Gupta,D076,57,93.71,0.0,5341.47,854.64,0.16
O01481,2025-05-27,2025-05,P001,CardioMax 10,Cardiology,East,Kolkata,Karan Verma,D015,34,184.25,0.02,6139.21,736.71,0.12
O01482,2025-08-19,2025-08,P002,CardioMax 20,Cardiology,West,Surat,Neha Gupta,D016,31,241.57,0.05,7114.24,711.42,0.1
O01483,2025-05-10,2025-05,P004,GlucoCare 1000,Diabetes,West,Pune,Riya Singh,D056,24,136.68,0.1,2952.29,413.32,0.14
O01484,2025-02-22,2025-02,P012,PainFree XR,Pain Management,West,Ahmedabad,Karan Verma,D062,15,77.74,0.05,1107.79,221.56,0.2
O01485,2025-10-28,2025-10,P010,BoneStrong D3,Orthopedics,North,Lucknow,Karan Verma,D030,55,108.77,0.0,5982.35,897.35,0.15
O01486,2025-05-19,2025-05,P005,RespiraPlus,Respiratory,South,Kochi,Riya Singh,D055,44,159.91,0.02,6895.32,758.49,0.11
O01487,2025-04-10,2025-04,P002,CardioMax 20,Cardiology,North,Lucknow,Vikram Patel,D021,32,234.08,0.0,7490.56,749.06,0.1
O01488,2025-02-10,2025-02,P011,AntiBio-X,Anti-Infective,South,Kochi,Ananya Das,D077,14,81.94,0.05,1089.8,196.16,0.18
O01489,2025-06-22,2025-06,P005,RespiraPlus,Respiratory,North,Jaipur,Ananya Das,D032,22,158.71,0.0,3491.62,384.08,0.11
O01490,2025-07-16,2025-07,P008,ImmunoShield,Immunology,West,Ahmedabad,Neha Gupta,D072,45,270.65,0.1,10961.32,876.91,0.08
O01491,2025-06-19,2025-06,P009,Dermaclear,Dermatology,West,Mumbai,Karan Verma,D027,5,142.09,0.05,674.93,80.99,0.12
O01492,2025-11-17,2025-11,P012,PainFree XR,Pain Management,Central,Indore,Neha Gupta,D030,20,77.8,0.0,1556.0,311.2,0.2
O01493,2025-08-29,2025-08,P008,ImmunoShield,Immunology,East,Patna,Priya Nair,D029,24,275.92,0.0,6622.08,529.77,0.08
O01494,2025-10-02,2025-10,P003,GlucoCare 500,Diabetes,North,Delhi,Priya Nair,D009,46,96.02,0.0,4416.92,706.71,0.16
O01495,2025-01-14,2025-01,P008,ImmunoShield,Immunology,West,Mumbai,Karan Verma,D029,25,272.53,0.05,6472.59,517.81,0.08
O01496,2025-06-03,2025-06,P002,CardioMax 20,Cardiology,West,Mumbai,Vikram Patel,D048,42,241.45,0.02,9938.08,993.81,0.1
O01497,2025-01-04,2025-01,P010,BoneStrong D3,Orthopedics,South,Bengaluru,Priya Nair,D051,39,113.22,0.08,4062.33,609.35,0.15
O01498,2025-01-27,2025-01,P008,ImmunoShield,Immunology,South,Chennai,Priya Nair,D010,29,283.23,0.02,8049.4,643.95,0.08
O01499,2025-09-22,2025-09,P003,GlucoCare 500,Diabetes,Central,Raipur,Riya Singh,D036,26,98.15,0.0,2551.9,408.3,0.16
O01500,2025-10-20,2025-10,P008,ImmunoShield,Immunology,West,Pune,Karan Verma,D013,23,282.54,0.0,6498.42,519.87,0.08
